Workbook

Sheet 시트
A1: 이름 | B1: 임관년도 | C1: MBTI | D1: 이메일 | E1: 유형 | F1: 적성분야설명 | G1: 야전·실무형(R) | H1: 기술·분석형(I) | I1: 창의형(A) | J1: 관계형(S) | K1: 리더형(E) | L1: 행정·관리형(C) | M1: Merged Doc ID - 장교 진로 접합도 검사(72문항) | N1: Merged Doc URL - 장교 진로 접합도 검사(72문항) | O1: Link to merged Doc - 장교 진로 접합도 검사(72문항) | P1: Document Merge Status - 장교 진로 접합도 검사(72문항) | Q1: Merged Doc ID - 장교 진로 적합도 검사(72문항) | R1: Merged Doc URL - 장교 진로 적합도 검사(72문항) | S1: Link to merged Doc - 장교 진로 적합도 검사(72문항) | T1: Document Merge Status - 장교 진로 적합도 검사(72문항) | U1: Merged Doc ID - 장교 진로적합도 검사(72문항) | V1: Merged Doc URL - 장교 진로적합도 검사(72문항) | W1: Link to merged Doc - 장교 진로적합도 검사(72문항) | X1: Document Merge Status - 장교 진로적합도 검사(72문항) | Y1: Merged Doc ID - 장교 진로 적합도 검사(72문항_) | Z1: Merged Doc URL - 장교 진로 적합도 검사(72문항_) | AA1: Link to merged Doc - 장교 진로 적합도 검사(72문항_) | AB1: Document Merge Status - 장교 진로 적합도 검사(72문항_) | AC1: 스크립트_처리상태 | AD1: 스크립트_처리시각 | AE1: 스크립트_PDF_FILE_ID | AF1: 스크립트_PDF_URL | AG1: 스크립트_오류내용 | AH1: 스크립트_시도횟수 | AI1: 스크립트_Brevo_Message_ID
A2: {='설문시트'!C2:C610} -> 최종혁 | B2: {='설문시트'!D2:D610} -> 2025 | C2: {='설문시트'!E2:E610} -> Intp | D2: {='설문시트'!F2:F610} -> jonghyeokchoi77@gmail.com | E2: {=IF(LEN(G2:G610), BYROW(G2:L610, LAMBDA(row, INDEX(G1:L1, MATCH(MAX(row), row, 0)))), "")} -> #VALUE! | F2: {=IF(E2:E610="", , IFERROR(VLOOKUP(E2:E610, '분석자료'!$A1:$B7, 2, FALSE),""))} -> #VALUE! | G2: {=IF('설문시트'!G2:G610="", "", ('설문시트'!G2:G610)+('설문시트'!M2:M610)+('설문시트'!S2:S610)+('설문시트'!Y2:Y610)+('설문시트'!AE2:AE610)+('설문시트'!AK2:AK610)+('설문시트'!AQ2:AQ610)+('설문시트'!AW2:AW610)+('설문시트'!BC2:BC610)+('설문시트'!BI2:BI610)+('설문시트'!BO2:BO610)+('설문시트'!BU2:BU610))} -> 60 | H2: {=IF('설문시트'!H2:H610="", "", ('설문시트'!H2:H610)+('설문시트'!N2:N610)+('설문시트'!T2:T610)+('설문시트'!Z2:Z610)+('설문시트'!AF2:AF610)+('설문시트'!AL2:AL610)+('설문시트'!AR2:AR610)+('설문시트'!AX2:AX610)+('설문시트'!BD2:BD610)+('설문시트'!BJ2:BJ610)+('설문시트'!BP2:BP610)+('설문시트'!BV2:BV610))} -> 60 | I2: {=IF('설문시트'!I2:I610="", "", ('설문시트'!I2:I610)+('설문시트'!O2:O610)+('설문시트'!U2:U610)+('설문시트'!AA2:AA610)+('설문시트'!AG2:AG610)+('설문시트'!AM2:AM610)+('설문시트'!AS2:AS610)+('설문시트'!AY2:AY610)+('설문시트'!BE2:BE610)+('설문시트'!BK2:BK610)+('설문시트'!BQ2:BQ610)+('설문시트'!BW2:BW610))} -> #VALUE! | J2: {=IF('설문시트'!J2:J610="", "", ('설문시트'!J2:J610)+('설문시트'!P2:P610)+('설문시트'!V2:V610)+('설문시트'!AB2:AB610)+('설문시트'!AH2:AH610)+('설문시트'!AN2:AN610)+('설문시트'!AT2:AT610)+('설문시트'!AZ2:AZ610)+('설문시트'!BF2:BF610)+('설문시트'!BL2:BL610)+('설문시트'!BR2:BR610)+('설문시트'!BX2:BX610))} -> 60 | K2: {=IF('설문시트'!K2:K610="", "", ('설문시트'!K2:K610)+('설문시트'!Q2:Q610)+('설문시트'!W2:W610)+('설문시트'!AC2:AC610)+('설문시트'!AI2:AI610)+('설문시트'!AO2:AO610)+('설문시트'!AU2:AU610)+('설문시트'!BA2:BA610)+('설문시트'!BG2:BG610)+('설문시트'!BM2:BM610)+('설문시트'!BS2:BS610)+('설문시트'!BY2:BY610))} -> 60 | L2: {=IF('설문시트'!L2:L610="", "", ('설문시트'!L2:L610)+('설문시트'!R2:R610)+('설문시트'!X2:X610)+('설문시트'!AD2:AD610)+('설문시트'!AJ2:AJ610)+('설문시트'!AP2:AP610)+('설문시트'!AV2:AV610)+('설문시트'!BB2:BB610)+('설문시트'!BH2:BH610)+('설문시트'!BN2:BN610)+('설문시트'!BT2:BT610)+('설문시트'!BZ2:BZ610))} -> 60 | U2: 1IV1pwtmfvm5MlG7dlYwDbre6pHeS7PjI | V2: https://drive.google.com/file/d/1IV1pwtmfvm5MlG7dlYwDbre6pHeS7PjI/view?usp=drivesdk | W2: =HYPERLINK("https://drive.google.com/file/d/1IV1pwtmfvm5MlG7dlYwDbre6pHeS7PjI/view?usp=drivesdk","최종혁_진로적성검사_2026") -> 최종혁_진로적성검사_2026 | X2: Document successfully created; Document successfully merged; PDF created; Manually run by jeongjinung4@gmail.com; Timestamp: Aug 13, 2026 12:03 AM | AA2: SENT | AB2: 46247.569 | AC2: 재발송오류 | AG2: 수식 결과가 준비되지 않았습니다. 행: 2
A3: 너ㅓㅁ | B3: 2020 | C3: HHIK | D3: jonghyeokchoi77@gmail.com | E3: 야전·실무형(R) | F3: 귀하의 진로적성검사 결과를 종합하면 야전·실무형(R) 성향이 두드러지며, 이는 장비 운용과 현장 중심의 임무 수행에서 강점을 보이는 전형적인 야전형 장교로 성장할 가능성을 의미합니다. 이러한 성향은 군 환경에서 전투장비 운용과 유지관리, 전술적 운용, 병력 통제 등 실제 전투력과 직결되는 분야에서 특히 중요한 역할을 하며, 전투장비를 운용하는 보병(기보)·포병·기갑·방공·육군항공과 같은 전투임무 위주 병과뿐 아니라 공병, 정보통신,화학 등 기술 기반 병과에서도 높은 적합성을 보입니다. 전투병과 특기 선택시는 작전, 군수, 획득분야가 가장 적합합니다. 또한 군수, 병기, 병참, 수송 분야에서도 장비 관리와 운용 능력을 효과적으로 발휘할 수 있습니다. 전문인력 분야로는 통신·공병 등 기술 전문 분야나 무기체계 획득 및 관리와 같은 획득 전문 영역, 장비 중심 연구개발 분야에서도 발전 가능성이 큽니다. 현실형 장교는 전투 및 훈련 상황에서 빠르고 정확한 판단과 실행력을 바탕으로 가시적인 성과를 창출하며, 부하들에게 신뢰를 주는 장점이 있습니다. 다만 단기적 실행에 집중하는 경향으로 인해 장기적 안목 형성과 체계적인 기획 능력, 세밀한 의사소통, 유연한 상황 대응 및 병사 개개인에 대한 심리적 관리 측면에서는 보완이 필요합니다. 따라서 리더형(E, 리더십)이나 행정관리형(C, 정확한 업무수행) 성향을 함께 강화한다면 더욱 높은 성과를 기대할 수 있습니다. | G3: 35 | H3: 34 | I3: 31 | J3: 34 | K3: 30 | L3: 34 | U3: 1-0RO3NrgxfxyRJeHSN-4akdrCnVx0OeA | V3: https://drive.google.com/file/d/1-0RO3NrgxfxyRJeHSN-4akdrCnVx0OeA/view?usp=drivesdk | W3: =HYPERLINK("https://drive.google.com/file/d/1-0RO3NrgxfxyRJeHSN-4akdrCnVx0OeA/view?usp=drivesdk","너ㅓㅁ_진로적성검사_2026") -> 너ㅓㅁ_진로적성검사_2026 | X3: Document successfully created; Document successfully merged; PDF created; Manually run by jeongjinung4@gmail.com; Timestamp: Aug 13, 2026 12:50 AM | AA3: SENT | AB3: 46247.586
A4: 김민석 | B4: 2023 | C4: ESTP | D4: sdijk2114@naver.com | E4: 리더형(E) | F4: 귀하의 검사 결과, 리더형(E) 성향이 강하게 나타났습니다. 리더십과 의사결정 능력(협의, 조정)이 뛰어나며, 조직을 이끌고 목표를 달성하는 데 강점을 가진 유형입니다. 또한 이 유형은 상황을 빠르게 파악하고 방향을 설정하여 조직을 이끄는 능력이 뛰어나며, 부하들을 동기부여하고 목표 달성을 위해 자원을 효과적으로 배분하는 데 능숙합니다. 군에서는 이러한 성향이 지휘관 역할과 직결됩니다. 귀하에게는 보병, 포병, 기갑 등 모든 전투 병과에서의 전투부대 지휘 역할에 적합하여 조직 관리 능력을 발휘할 수 있습니다. 전문인력 분야에서는 정책전문, 국제전문(무관 등), 획득전문(방위사업 관련) 분야가 적합합니다. 향후에는 단순한 리더십을 넘어 전문성과 현장 이해를 함께 갖추는 것이 중요합니다. 야전·실무형(R,현장감각)이나 관계형(S,대인관계) 성향을 보완한다면 더욱 균형 잡힌 지휘관으로 성장할 수 있습니다. 또한 전투병과 장교는 지휘관과 참모직위를 모두 이수해야 하므로 참모로서의 섬세함과 업무관리 능력을 함양해야 한다. | G4: 29 | H4: 28 | I4: 22 | J4: 38 | K4: 43 | L4: 34 | U4: 1KdBrPVfN8pl2bRjryvrYxC0AF6PKQC7L | V4: https://drive.google.com/file/d/1KdBrPVfN8pl2bRjryvrYxC0AF6PKQC7L/view?usp=drivesdk | W4: =HYPERLINK("https://drive.google.com/file/d/1KdBrPVfN8pl2bRjryvrYxC0AF6PKQC7L/view?usp=drivesdk","김민석_진로적성검사_2026") -> 김민석_진로적성검사_2026 | X4: Document successfully created; Document successfully merged; PDF created; Manually run by jeongjinung4@gmail.com; Timestamp: Aug 13, 2026 1:02 AM | AA4: SENT | AB4: 46247.586
A5: Jejsj | B5: 2020 | C5: Ahah | D5: jonghyeokchoi77@gmail.com | E5: 창의형(A) | F5: 귀하의 진로적성검사 결과, 창의형(A) 성향이 높게 나타났습니다. 창의적인 표현과 방법, 새로운 아이디어를 통해 조직에 활력을 불어넣는 역할을 합니다. 군 조직에서는 이러한 성향이 장병 사기진작, 홍보, 심리전, 문화 활동 등에서 중요한 의미를 갖습니다. 귀하에게는 전투병과 인사특기,정훈병과가 적합하며, 인사근무 및 사기진작 활동, 영상 제작 및 콘텐츠 기획을 통한 군 홍보활동 등의 분야에서 강점을 발휘할 수 있습니다. 또한 인사행정이나 군사경찰 기능 중 일부 분야에서도 창의적 역할을 수행할 수 있습니다. 전문인력 분야에서는 정책전문(국방정책 홍보) 또는 국방홍보원 등의 미디어 분야로의 확장이 가능합니다. 군 조직 특성상 기본적인 규율과 체계 적응이 중요하므로, 행정관리형(C, 규율중시, 정확성)이나 관계형(S, 협업관계) 역량을 함께 보완한다면 보다 안정적인 성과를 낼 수 있습니다. 위에서 추천드린 전투병과(인사특기), 군사경찰 병과 역시 지휘관 직위를 필수로 이수해야 하므로 야전부대 현장 감각을 유지하고 의사소통 및 대인관계 형성과 같은 리더십을 함양에도 힘써야 합니다. | G5: 35 | H5: 35 | I5: 36 | J5: 34 | K5: 32 | L5: 29 | U5: 1W-oWx_3ctKLtW9gVxNH-oyNmgjvhqUrT | V5: https://drive.google.com/file/d/1W-oWx_3ctKLtW9gVxNH-oyNmgjvhqUrT/view?usp=drivesdk | W5: =HYPERLINK("https://drive.google.com/file/d/1W-oWx_3ctKLtW9gVxNH-oyNmgjvhqUrT/view?usp=drivesdk","Jejsj_진로적성검사_2026") -> Jejsj_진로적성검사_2026 | X5: Document successfully created; Document successfully merged; PDF created; Manually run by jeongjinung4@gmail.com; Timestamp: Aug 13, 2026 1:02 AM | AA5: SENT | AB5: 46247.586
A6: 80 황우진 | B6: 2025 | C6: ENFJ | D6: a52154309@gmail.com | E6: 야전·실무형(R) | F6: 귀하의 진로적성검사 결과를 종합하면 야전·실무형(R) 성향이 두드러지며, 이는 장비 운용과 현장 중심의 임무 수행에서 강점을 보이는 전형적인 야전형 장교로 성장할 가능성을 의미합니다. 이러한 성향은 군 환경에서 전투장비 운용과 유지관리, 전술적 운용, 병력 통제 등 실제 전투력과 직결되는 분야에서 특히 중요한 역할을 하며, 전투장비를 운용하는 보병(기보)·포병·기갑·방공·육군항공과 같은 전투임무 위주 병과뿐 아니라 공병, 정보통신,화학 등 기술 기반 병과에서도 높은 적합성을 보입니다. 전투병과 특기 선택시는 작전, 군수, 획득분야가 가장 적합합니다. 또한 군수, 병기, 병참, 수송 분야에서도 장비 관리와 운용 능력을 효과적으로 발휘할 수 있습니다. 전문인력 분야로는 통신·공병 등 기술 전문 분야나 무기체계 획득 및 관리와 같은 획득 전문 영역, 장비 중심 연구개발 분야에서도 발전 가능성이 큽니다. 현실형 장교는 전투 및 훈련 상황에서 빠르고 정확한 판단과 실행력을 바탕으로 가시적인 성과를 창출하며, 부하들에게 신뢰를 주는 장점이 있습니다. 다만 단기적 실행에 집중하는 경향으로 인해 장기적 안목 형성과 체계적인 기획 능력, 세밀한 의사소통, 유연한 상황 대응 및 병사 개개인에 대한 심리적 관리 측면에서는 보완이 필요합니다. 따라서 리더형(E, 리더십)이나 행정관리형(C, 정확한 업무수행) 성향을 함께 강화한다면 더욱 높은 성과를 기대할 수 있습니다. | G6: 32 | H6: 21 | I6: 26 | J6: 28 | K6: 29 | L6: 22 | U6: 144wcmvlQy_ITIep6ift_l2hfNl8ySgrB | V6: https://drive.google.com/file/d/144wcmvlQy_ITIep6ift_l2hfNl8ySgrB/view?usp=drivesdk | W6: =HYPERLINK("https://drive.google.com/file/d/144wcmvlQy_ITIep6ift_l2hfNl8ySgrB/view?usp=drivesdk","80 황우진_진로적성검사_2026") -> 80 황우진_진로적성검사_2026 | X6: Document successfully created; Document successfully merged; PDF created; Manually run by jeongjinung4@gmail.com; Timestamp: Aug 13, 2026 1:02 AM | AA6: SENT | AB6: 46247.586
A7: Bdhdh | B7: 2020 | C7: Jaja | D7: jonghyeokchoi77@gmail.com | E7: 기술·분석형(I) | F7: 귀하의 검사 결과, 기술·분석형(I) 성향이 중심적으로 나타났습니다. 분석적 사고와 문제 해결 능력이 뛰어나며, 복잡한 시스템과 정보를 이해하고 활용하는 데 강점을 지닌 유형입니다. 군에서는 이러한 능력이 정보전, 기술전, 미래전 수행에 핵심적으로 활용됩니다. 귀하에게는 정보, 정보통신, 화학 병과 등이 특히 적합하며, 기술적 분석이 요구되는 공병 및 항공 분야에서도 역량을 발휘할 수 있습니다. 전문인력 분야에서는 사이버, 연구개발, 국방분석 등 특수전문 영역이 적합하며, 정책전문이나 국제전문 분야에서도 분석 기반 의사결정 능력을 활용할 수 있습니다. 향후에는 기술적 이해뿐 아니라 야전에서 실제 적용 능력을 함께 강화하는 것이 중요합니다. 야전·실무형(R, 현장감각)이나 행정관리형(C, 체계적 업무수행) 성향을 보완한다면 실무와 분석을 겸비한 핵심 인재로 성장할 수 있습니다. 그러나 현상 분석에 집중하는 경향으로 인해 의사결정이 지연되거나 실행력이 부족해질 수 있음을 유의해야 합니다. 위에서 추천드린 병과 역시 지휘관 직위를 필수로 이수해야 하므로 야전부대 현장 감각을 유지하고 의사소통 및 대인관계 형성과 같은 리더십을 함양에도 힘써야 합니다. | G7: 30 | H7: 35 | I7: 33 | J7: 33 | K7: 35 | L7: 32 | U7: 1u36TW0H2J4_dtDzllqptBT8fuTzYkwhY | V7: https://drive.google.com/file/d/1u36TW0H2J4_dtDzllqptBT8fuTzYkwhY/view?usp=drivesdk | W7: =HYPERLINK("https://drive.google.com/file/d/1u36TW0H2J4_dtDzllqptBT8fuTzYkwhY/view?usp=drivesdk","Bdhdh_진로적성검사_2026") -> Bdhdh_진로적성검사_2026 | X7: Document successfully created; Document successfully merged; PDF created; Run via form trigger as jeongjinung4@gmail.com; Timestamp: Aug 13, 2026 1:21 AM | AA7: SENT | AB7: 46247.599
A8: Shej | B8: 2020 | C8: Shhs | D8: jonghyeokchoi77@gmail.com | E8: 관계형(S) | F8: 귀하의 검사 결과, 관계형(S) 성향이 중심적으로 나타났습니다. 사람을 이해하고 돕는 데 강점을 가진 유형으로, 조직 내 안정과 협력을 이끄는 중요한 역할을 수행합니다. 귀하에게는 전투병과(인사특기, 작전특기), 인사행정, 정훈, 군의, 의정, 간호 분야가 적합하여, 대인관계 중심 역할에서 역량을 발휘할 수 있습니다. 전문인력 분야에서는 정책전문(교육, 복지 및 인사 정책), 국제전문(협력 및 교류), 교육·교수 중심의 특수전문 분야가 적합합니다. 향후에는 조직 운영 능력을 강화하는 것이 중요합니다. 야전·실무형(R, 병력 및 장비운용)과 리더형(E,리더십) 성향을 함께 발전시키면 지휘 및 관리 역할에서도 큰 강점을 발휘할 수 있습니다. 위에서 추천드린 전투병과(인사특기, 작전특기)는 지휘관 직위를 필수로 이수해야 하므로 야전부대 현장 감각을 유지하며 리더십 함양에도 힘써야 합니다. | G8: 38 | H8: 31 | I8: 36 | J8: 39 | K8: 31 | L8: 38 | U8: 1vo1rB6vwCKjIy1t2I8ljlSMwn-q2P6cv | V8: https://drive.google.com/file/d/1vo1rB6vwCKjIy1t2I8ljlSMwn-q2P6cv/view?usp=drivesdk | W8: =HYPERLINK("https://drive.google.com/file/d/1vo1rB6vwCKjIy1t2I8ljlSMwn-q2P6cv/view?usp=drivesdk","Shej_진로적성검사_2026") -> Shej_진로적성검사_2026 | X8: Document successfully created; Document successfully merged; PDF created; Run via form trigger as jeongjinung4@gmail.com; Timestamp: Aug 13, 2026 1:26 AM | AA8: SENT | AB8: 46247.604
A9: Llll | B9: 2020 | C9: Jaja | D9: jonghyeokchoi77@gmail.com | E9: 창의형(A) | F9: 귀하의 진로적성검사 결과, 창의형(A) 성향이 높게 나타났습니다. 창의적인 표현과 방법, 새로운 아이디어를 통해 조직에 활력을 불어넣는 역할을 합니다. 군 조직에서는 이러한 성향이 장병 사기진작, 홍보, 심리전, 문화 활동 등에서 중요한 의미를 갖습니다. 귀하에게는 전투병과 인사특기,정훈병과가 적합하며, 인사근무 및 사기진작 활동, 영상 제작 및 콘텐츠 기획을 통한 군 홍보활동 등의 분야에서 강점을 발휘할 수 있습니다. 또한 인사행정이나 군사경찰 기능 중 일부 분야에서도 창의적 역할을 수행할 수 있습니다. 전문인력 분야에서는 정책전문(국방정책 홍보) 또는 국방홍보원 등의 미디어 분야로의 확장이 가능합니다. 군 조직 특성상 기본적인 규율과 체계 적응이 중요하므로, 행정관리형(C, 규율중시, 정확성)이나 관계형(S, 협업관계) 역량을 함께 보완한다면 보다 안정적인 성과를 낼 수 있습니다. 위에서 추천드린 전투병과(인사특기), 군사경찰 병과 역시 지휘관 직위를 필수로 이수해야 하므로 야전부대 현장 감각을 유지하고 의사소통 및 대인관계 형성과 같은 리더십을 함양에도 힘써야 합니다. | G9: 28 | H9: 32 | I9: 33 | J9: 33 | K9: 29 | L9: 30 | U9: 1_kdhskxzCes-CLYCtHw-cueVjOPugmez | V9: https://drive.google.com/file/d/1_kdhskxzCes-CLYCtHw-cueVjOPugmez/view?usp=drivesdk | W9: =HYPERLINK("https://drive.google.com/file/d/1_kdhskxzCes-CLYCtHw-cueVjOPugmez/view?usp=drivesdk","Llll_진로적성검사_2026") -> Llll_진로적성검사_2026 | X9: Document successfully created; Document successfully merged; PDF created; Run via form trigger as jeongjinung4@gmail.com; Timestamp: Aug 13, 2026 1:29 AM | AA9: SENT | AB9: 46247.604
A10: 테스트 | B10: 1 | C10: 1 | D10: enrud1103@naver.com | E10: 야전·실무형(R) | F10: 귀하의 진로적성검사 결과를 종합하면 야전·실무형(R) 성향이 두드러지며, 이는 장비 운용과 현장 중심의 임무 수행에서 강점을 보이는 전형적인 야전형 장교로 성장할 가능성을 의미합니다. 이러한 성향은 군 환경에서 전투장비 운용과 유지관리, 전술적 운용, 병력 통제 등 실제 전투력과 직결되는 분야에서 특히 중요한 역할을 하며, 전투장비를 운용하는 보병(기보)·포병·기갑·방공·육군항공과 같은 전투임무 위주 병과뿐 아니라 공병, 정보통신,화학 등 기술 기반 병과에서도 높은 적합성을 보입니다. 전투병과 특기 선택시는 작전, 군수, 획득분야가 가장 적합합니다. 또한 군수, 병기, 병참, 수송 분야에서도 장비 관리와 운용 능력을 효과적으로 발휘할 수 있습니다. 전문인력 분야로는 통신·공병 등 기술 전문 분야나 무기체계 획득 및 관리와 같은 획득 전문 영역, 장비 중심 연구개발 분야에서도 발전 가능성이 큽니다. 현실형 장교는 전투 및 훈련 상황에서 빠르고 정확한 판단과 실행력을 바탕으로 가시적인 성과를 창출하며, 부하들에게 신뢰를 주는 장점이 있습니다. 다만 단기적 실행에 집중하는 경향으로 인해 장기적 안목 형성과 체계적인 기획 능력, 세밀한 의사소통, 유연한 상황 대응 및 병사 개개인에 대한 심리적 관리 측면에서는 보완이 필요합니다. 따라서 리더형(E, 리더십)이나 행정관리형(C, 정확한 업무수행) 성향을 함께 강화한다면 더욱 높은 성과를 기대할 수 있습니다. | G10: 60 | H10: 60 | I10: 60 | J10: 60 | K10: 60 | L10: 60 | U10: 1uIc2jVTPADxfQL9QOXXBCov_l9G5Tl53 | V10: https://drive.google.com/file/d/1uIc2jVTPADxfQL9QOXXBCov_l9G5Tl53/view?usp=drivesdk | W10: =HYPERLINK("https://drive.google.com/file/d/1uIc2jVTPADxfQL9QOXXBCov_l9G5Tl53/view?usp=drivesdk","테스트_진로적성검사_2026") -> 테스트_진로적성검사_2026 | X10: Document successfully created; Document successfully merged; PDF created; Run via form trigger as jeongjinung4@gmail.com; Timestamp: Aug 13, 2026 1:45 AM | AA10: SENT | AB10: 46247.618
A11: 이상준 | B11: 2026 | C11: ESFJ | D11: william0724@naver.com | E11: 창의형(A) | F11: 귀하의 진로적성검사 결과, 창의형(A) 성향이 높게 나타났습니다. 창의적인 표현과 방법, 새로운 아이디어를 통해 조직에 활력을 불어넣는 역할을 합니다. 군 조직에서는 이러한 성향이 장병 사기진작, 홍보, 심리전, 문화 활동 등에서 중요한 의미를 갖습니다. 귀하에게는 전투병과 인사특기,정훈병과가 적합하며, 인사근무 및 사기진작 활동, 영상 제작 및 콘텐츠 기획을 통한 군 홍보활동 등의 분야에서 강점을 발휘할 수 있습니다. 또한 인사행정이나 군사경찰 기능 중 일부 분야에서도 창의적 역할을 수행할 수 있습니다. 전문인력 분야에서는 정책전문(국방정책 홍보) 또는 국방홍보원 등의 미디어 분야로의 확장이 가능합니다. 군 조직 특성상 기본적인 규율과 체계 적응이 중요하므로, 행정관리형(C, 규율중시, 정확성)이나 관계형(S, 협업관계) 역량을 함께 보완한다면 보다 안정적인 성과를 낼 수 있습니다. 위에서 추천드린 전투병과(인사특기), 군사경찰 병과 역시 지휘관 직위를 필수로 이수해야 하므로 야전부대 현장 감각을 유지하고 의사소통 및 대인관계 형성과 같은 리더십을 함양에도 힘써야 합니다. | G11: 47 | H11: 59 | I11: 60 | J11: 60 | K11: 60 | L11: 60 | U11: 1noC7m_W_Tcqiihiaxr4EWdEm8wtp0AKt | V11: https://drive.google.com/file/d/1noC7m_W_Tcqiihiaxr4EWdEm8wtp0AKt/view?usp=drivesdk | W11: =HYPERLINK("https://drive.google.com/file/d/1noC7m_W_Tcqiihiaxr4EWdEm8wtp0AKt/view?usp=drivesdk","이상준_진로적성검사_2026") -> 이상준_진로적성검사_2026 | X11: Document successfully created; Document successfully merged; PDF created; Run via form trigger as jeongjinung4@gmail.com; Timestamp: Aug 13, 2026 1:50 AM | AA11: SENT | AB11: 46247.619
A12: 강재우 | B12: 2026 | C12: ISFP | D12: kjw020219@gmail.com | E12: 관계형(S) | F12: 귀하의 검사 결과, 관계형(S) 성향이 중심적으로 나타났습니다. 사람을 이해하고 돕는 데 강점을 가진 유형으로, 조직 내 안정과 협력을 이끄는 중요한 역할을 수행합니다. 귀하에게는 전투병과(인사특기, 작전특기), 인사행정, 정훈, 군의, 의정, 간호 분야가 적합하여, 대인관계 중심 역할에서 역량을 발휘할 수 있습니다. 전문인력 분야에서는 정책전문(교육, 복지 및 인사 정책), 국제전문(협력 및 교류), 교육·교수 중심의 특수전문 분야가 적합합니다. 향후에는 조직 운영 능력을 강화하는 것이 중요합니다. 야전·실무형(R, 병력 및 장비운용)과 리더형(E,리더십) 성향을 함께 발전시키면 지휘 및 관리 역할에서도 큰 강점을 발휘할 수 있습니다. 위에서 추천드린 전투병과(인사특기, 작전특기)는 지휘관 직위를 필수로 이수해야 하므로 야전부대 현장 감각을 유지하며 리더십 함양에도 힘써야 합니다. | G12: 28 | H12: 14 | I12: 17 | J12: 54 | K12: 47 | L12: 46 | U12: 1tihl1yNwF6prmqhhJp2geT-D4cvfCTMH | V12: https://drive.google.com/file/d/1tihl1yNwF6prmqhhJp2geT-D4cvfCTMH/view?usp=drivesdk | W12: =HYPERLINK("https://drive.google.com/file/d/1tihl1yNwF6prmqhhJp2geT-D4cvfCTMH/view?usp=drivesdk","강재우_진로적성검사_2026") -> 강재우_진로적성검사_2026 | X12: Document successfully created; Document successfully merged; PDF created; Run via form trigger as jeongjinung4@gmail.com; Timestamp: Aug 13, 2026 1:51 AM | AA12: SENT | AB12: 46247.636
A13: 이재완 | B13: 2006 | C13: INTJ | D13: sdh220216@sdh.hs.kr | E13: 야전·실무형(R) | F13: 귀하의 진로적성검사 결과를 종합하면 야전·실무형(R) 성향이 두드러지며, 이는 장비 운용과 현장 중심의 임무 수행에서 강점을 보이는 전형적인 야전형 장교로 성장할 가능성을 의미합니다. 이러한 성향은 군 환경에서 전투장비 운용과 유지관리, 전술적 운용, 병력 통제 등 실제 전투력과 직결되는 분야에서 특히 중요한 역할을 하며, 전투장비를 운용하는 보병(기보)·포병·기갑·방공·육군항공과 같은 전투임무 위주 병과뿐 아니라 공병, 정보통신,화학 등 기술 기반 병과에서도 높은 적합성을 보입니다. 전투병과 특기 선택시는 작전, 군수, 획득분야가 가장 적합합니다. 또한 군수, 병기, 병참, 수송 분야에서도 장비 관리와 운용 능력을 효과적으로 발휘할 수 있습니다. 전문인력 분야로는 통신·공병 등 기술 전문 분야나 무기체계 획득 및 관리와 같은 획득 전문 영역, 장비 중심 연구개발 분야에서도 발전 가능성이 큽니다. 현실형 장교는 전투 및 훈련 상황에서 빠르고 정확한 판단과 실행력을 바탕으로 가시적인 성과를 창출하며, 부하들에게 신뢰를 주는 장점이 있습니다. 다만 단기적 실행에 집중하는 경향으로 인해 장기적 안목 형성과 체계적인 기획 능력, 세밀한 의사소통, 유연한 상황 대응 및 병사 개개인에 대한 심리적 관리 측면에서는 보완이 필요합니다. 따라서 리더형(E, 리더십)이나 행정관리형(C, 정확한 업무수행) 성향을 함께 강화한다면 더욱 높은 성과를 기대할 수 있습니다. | G13: 12 | H13: 12 | I13: 12 | J13: 12 | K13: 12 | L13: 12 | U13: 14NKD0cZHbATNwnFwiavMZEv6hIn4w7H6 | V13: https://drive.google.com/file/d/14NKD0cZHbATNwnFwiavMZEv6hIn4w7H6/view?usp=drivesdk | W13: =HYPERLINK("https://drive.google.com/file/d/14NKD0cZHbATNwnFwiavMZEv6hIn4w7H6/view?usp=drivesdk","이재완_진로적성검사_2026") -> 이재완_진로적성검사_2026 | X13: Document successfully created; Document successfully merged; PDF created; Run via form trigger as jeongjinung4@gmail.com; Timestamp: Aug 13, 2026 2:16 AM | AA13: SENT | AB13: 46247.637
A14: 최종혁 | B14: 2025 | C14: Intp | D14: jonghyeokchoi@gmail.com | E14: 기술·분석형(I) | F14: 귀하의 검사 결과, 기술·분석형(I) 성향이 중심적으로 나타났습니다. 분석적 사고와 문제 해결 능력이 뛰어나며, 복잡한 시스템과 정보를 이해하고 활용하는 데 강점을 지닌 유형입니다. 군에서는 이러한 능력이 정보전, 기술전, 미래전 수행에 핵심적으로 활용됩니다. 귀하에게는 정보, 정보통신, 화학 병과 등이 특히 적합하며, 기술적 분석이 요구되는 공병 및 항공 분야에서도 역량을 발휘할 수 있습니다. 전문인력 분야에서는 사이버, 연구개발, 국방분석 등 특수전문 영역이 적합하며, 정책전문이나 국제전문 분야에서도 분석 기반 의사결정 능력을 활용할 수 있습니다. 향후에는 기술적 이해뿐 아니라 야전에서 실제 적용 능력을 함께 강화하는 것이 중요합니다. 야전·실무형(R, 현장감각)이나 행정관리형(C, 체계적 업무수행) 성향을 보완한다면 실무와 분석을 겸비한 핵심 인재로 성장할 수 있습니다. 그러나 현상 분석에 집중하는 경향으로 인해 의사결정이 지연되거나 실행력이 부족해질 수 있음을 유의해야 합니다. 위에서 추천드린 병과 역시 지휘관 직위를 필수로 이수해야 하므로 야전부대 현장 감각을 유지하고 의사소통 및 대인관계 형성과 같은 리더십을 함양에도 힘써야 합니다. | G14: 34 | H14: 37 | I14: 36 | J14: 32 | K14: 37 | L14: 37 | U14: 13tK4fO9NOyBeRqkwrzv2gBrZWlpBHgZo | V14: https://drive.google.com/file/d/13tK4fO9NOyBeRqkwrzv2gBrZWlpBHgZo/view?usp=drivesdk | W14: =HYPERLINK("https://drive.google.com/file/d/13tK4fO9NOyBeRqkwrzv2gBrZWlpBHgZo/view?usp=drivesdk","최종혁_진로적성검사_2026") -> 최종혁_진로적성검사_2026 | X14: Document successfully created; Document successfully merged; PDF created; Run via form trigger as jeongjinung4@gmail.com; Timestamp: Aug 13, 2026 2:18 AM | AA14: SENT | AB14: 46247.638 | AC14: 재발송완료 | AD14: 46272.384 | AE14: 1pQ4IrmYM9grvLxeoPGFH2RfySIteJSup | AF14: https://drive.google.com/file/d/1pQ4IrmYM9grvLxeoPGFH2RfySIteJSup/view?usp=drivesdk | AI14: <202609070012.14497679086@smtp-relay.mailin.fr>
A15: 유성혁 | B15: 2025 | C15: ESTJ | D15: kimnummun@gmail.com | E15: 관계형(S) | F15: 귀하의 검사 결과, 관계형(S) 성향이 중심적으로 나타났습니다. 사람을 이해하고 돕는 데 강점을 가진 유형으로, 조직 내 안정과 협력을 이끄는 중요한 역할을 수행합니다. 귀하에게는 전투병과(인사특기, 작전특기), 인사행정, 정훈, 군의, 의정, 간호 분야가 적합하여, 대인관계 중심 역할에서 역량을 발휘할 수 있습니다. 전문인력 분야에서는 정책전문(교육, 복지 및 인사 정책), 국제전문(협력 및 교류), 교육·교수 중심의 특수전문 분야가 적합합니다. 향후에는 조직 운영 능력을 강화하는 것이 중요합니다. 야전·실무형(R, 병력 및 장비운용)과 리더형(E,리더십) 성향을 함께 발전시키면 지휘 및 관리 역할에서도 큰 강점을 발휘할 수 있습니다. 위에서 추천드린 전투병과(인사특기, 작전특기)는 지휘관 직위를 필수로 이수해야 하므로 야전부대 현장 감각을 유지하며 리더십 함양에도 힘써야 합니다. | G15: 44 | H15: 49 | I15: 39 | J15: 58 | K15: 55 | L15: 57 | U15: 1zjuWJq9vmOdzqJZevIsiaLd8NCLTkDsg | V15: https://drive.google.com/file/d/1zjuWJq9vmOdzqJZevIsiaLd8NCLTkDsg/view?usp=drivesdk | W15: =HYPERLINK("https://drive.google.com/file/d/1zjuWJq9vmOdzqJZevIsiaLd8NCLTkDsg/view?usp=drivesdk","유성혁_진로적성검사_2026") -> 유성혁_진로적성검사_2026 | X15: Document successfully created; Document successfully merged; PDF created; Run via form trigger as jeongjinung4@gmail.com; Timestamp: Aug 13, 2026 2:19 AM | AA15: SENT | AB15: 46247.64
A16: 전태은 | B16: 2025 | C16: ESFP | D16: jte0506@naver.com | E16: 관계형(S) | F16: 귀하의 검사 결과, 관계형(S) 성향이 중심적으로 나타났습니다. 사람을 이해하고 돕는 데 강점을 가진 유형으로, 조직 내 안정과 협력을 이끄는 중요한 역할을 수행합니다. 귀하에게는 전투병과(인사특기, 작전특기), 인사행정, 정훈, 군의, 의정, 간호 분야가 적합하여, 대인관계 중심 역할에서 역량을 발휘할 수 있습니다. 전문인력 분야에서는 정책전문(교육, 복지 및 인사 정책), 국제전문(협력 및 교류), 교육·교수 중심의 특수전문 분야가 적합합니다. 향후에는 조직 운영 능력을 강화하는 것이 중요합니다. 야전·실무형(R, 병력 및 장비운용)과 리더형(E,리더십) 성향을 함께 발전시키면 지휘 및 관리 역할에서도 큰 강점을 발휘할 수 있습니다. 위에서 추천드린 전투병과(인사특기, 작전특기)는 지휘관 직위를 필수로 이수해야 하므로 야전부대 현장 감각을 유지하며 리더십 함양에도 힘써야 합니다. | G16: 37 | H16: 36 | I16: 37 | J16: 45 | K16: 39 | L16: 41 | U16: 108P3955RebOzhC8_t9VyJxCdebxUlNOR | V16: https://drive.google.com/file/d/108P3955RebOzhC8_t9VyJxCdebxUlNOR/view?usp=drivesdk | W16: =HYPERLINK("https://drive.google.com/file/d/108P3955RebOzhC8_t9VyJxCdebxUlNOR/view?usp=drivesdk","전태은_진로적성검사_2026") -> 전태은_진로적성검사_2026 | X16: Document successfully created; Document successfully merged; PDF created; Run via form trigger as jeongjinung4@gmail.com; Timestamp: Aug 13, 2026 2:21 AM | AA16: SENT | AB16: 46247.64
A17: 김규훜 | B17: 2015 | C17: ESTJ | D17: rbgns0105@gmail.com | E17: 야전·실무형(R) | F17: 귀하의 진로적성검사 결과를 종합하면 야전·실무형(R) 성향이 두드러지며, 이는 장비 운용과 현장 중심의 임무 수행에서 강점을 보이는 전형적인 야전형 장교로 성장할 가능성을 의미합니다. 이러한 성향은 군 환경에서 전투장비 운용과 유지관리, 전술적 운용, 병력 통제 등 실제 전투력과 직결되는 분야에서 특히 중요한 역할을 하며, 전투장비를 운용하는 보병(기보)·포병·기갑·방공·육군항공과 같은 전투임무 위주 병과뿐 아니라 공병, 정보통신,화학 등 기술 기반 병과에서도 높은 적합성을 보입니다. 전투병과 특기 선택시는 작전, 군수, 획득분야가 가장 적합합니다. 또한 군수, 병기, 병참, 수송 분야에서도 장비 관리와 운용 능력을 효과적으로 발휘할 수 있습니다. 전문인력 분야로는 통신·공병 등 기술 전문 분야나 무기체계 획득 및 관리와 같은 획득 전문 영역, 장비 중심 연구개발 분야에서도 발전 가능성이 큽니다. 현실형 장교는 전투 및 훈련 상황에서 빠르고 정확한 판단과 실행력을 바탕으로 가시적인 성과를 창출하며, 부하들에게 신뢰를 주는 장점이 있습니다. 다만 단기적 실행에 집중하는 경향으로 인해 장기적 안목 형성과 체계적인 기획 능력, 세밀한 의사소통, 유연한 상황 대응 및 병사 개개인에 대한 심리적 관리 측면에서는 보완이 필요합니다. 따라서 리더형(E, 리더십)이나 행정관리형(C, 정확한 업무수행) 성향을 함께 강화한다면 더욱 높은 성과를 기대할 수 있습니다. | G17: 55 | H17: 41 | I17: 35 | J17: 46 | K17: 54 | L17: 51 | U17: 1Tsh5v1zU8aaV3uMa6QhZkFJKMZnDrrSq | V17: https://drive.google.com/file/d/1Tsh5v1zU8aaV3uMa6QhZkFJKMZnDrrSq/view?usp=drivesdk | W17: =HYPERLINK("https://drive.google.com/file/d/1Tsh5v1zU8aaV3uMa6QhZkFJKMZnDrrSq/view?usp=drivesdk","김규훜_진로적성검사_2026") -> 김규훜_진로적성검사_2026 | X17: Document successfully created; Document successfully merged; PDF created; Run via form trigger as jeongjinung4@gmail.com; Timestamp: Aug 13, 2026 2:24 AM | AA17: SENT | AB17: 46247.643
A18: 테스트 | B18: 1 | C18: 1 | D18: enrud1103@naver.com | E18: 야전·실무형(R) | F18: 귀하의 진로적성검사 결과를 종합하면 야전·실무형(R) 성향이 두드러지며, 이는 장비 운용과 현장 중심의 임무 수행에서 강점을 보이는 전형적인 야전형 장교로 성장할 가능성을 의미합니다. 이러한 성향은 군 환경에서 전투장비 운용과 유지관리, 전술적 운용, 병력 통제 등 실제 전투력과 직결되는 분야에서 특히 중요한 역할을 하며, 전투장비를 운용하는 보병(기보)·포병·기갑·방공·육군항공과 같은 전투임무 위주 병과뿐 아니라 공병, 정보통신,화학 등 기술 기반 병과에서도 높은 적합성을 보입니다. 전투병과 특기 선택시는 작전, 군수, 획득분야가 가장 적합합니다. 또한 군수, 병기, 병참, 수송 분야에서도 장비 관리와 운용 능력을 효과적으로 발휘할 수 있습니다. 전문인력 분야로는 통신·공병 등 기술 전문 분야나 무기체계 획득 및 관리와 같은 획득 전문 영역, 장비 중심 연구개발 분야에서도 발전 가능성이 큽니다. 현실형 장교는 전투 및 훈련 상황에서 빠르고 정확한 판단과 실행력을 바탕으로 가시적인 성과를 창출하며, 부하들에게 신뢰를 주는 장점이 있습니다. 다만 단기적 실행에 집중하는 경향으로 인해 장기적 안목 형성과 체계적인 기획 능력, 세밀한 의사소통, 유연한 상황 대응 및 병사 개개인에 대한 심리적 관리 측면에서는 보완이 필요합니다. 따라서 리더형(E, 리더십)이나 행정관리형(C, 정확한 업무수행) 성향을 함께 강화한다면 더욱 높은 성과를 기대할 수 있습니다. | G18: 60 | H18: 60 | I18: 60 | J18: 60 | K18: 60 | L18: 60 | U18: 136s1UfcENWMfxvFHnoKav6jDj-SSUzdY | V18: https://drive.google.com/file/d/136s1UfcENWMfxvFHnoKav6jDj-SSUzdY/view?usp=drivesdk | W18: =HYPERLINK("https://drive.google.com/file/d/136s1UfcENWMfxvFHnoKav6jDj-SSUzdY/view?usp=drivesdk","테스트_진로적성검사_2026") -> 테스트_진로적성검사_2026 | X18: Document successfully created; Document successfully merged; PDF created; Run via form trigger as jeongjinung4@gmail.com; Timestamp: Aug 13, 2026 4:07 AM | AA18: SENT | AB18: 46247.714
A19: 유성혁 | B19: 2025 | C19: ESTJ | D19: kimnummun@gmail.com | E19: 관계형(S) | F19: 귀하의 검사 결과, 관계형(S) 성향이 중심적으로 나타났습니다. 사람을 이해하고 돕는 데 강점을 가진 유형으로, 조직 내 안정과 협력을 이끄는 중요한 역할을 수행합니다. 귀하에게는 전투병과(인사특기, 작전특기), 인사행정, 정훈, 군의, 의정, 간호 분야가 적합하여, 대인관계 중심 역할에서 역량을 발휘할 수 있습니다. 전문인력 분야에서는 정책전문(교육, 복지 및 인사 정책), 국제전문(협력 및 교류), 교육·교수 중심의 특수전문 분야가 적합합니다. 향후에는 조직 운영 능력을 강화하는 것이 중요합니다. 야전·실무형(R, 병력 및 장비운용)과 리더형(E,리더십) 성향을 함께 발전시키면 지휘 및 관리 역할에서도 큰 강점을 발휘할 수 있습니다. 위에서 추천드린 전투병과(인사특기, 작전특기)는 지휘관 직위를 필수로 이수해야 하므로 야전부대 현장 감각을 유지하며 리더십 함양에도 힘써야 합니다. | G19: 47 | H19: 54 | I19: 43 | J19: 60 | K19: 60 | L19: 57 | U19: 1wrUIK_BVu3RxQTNqwEnHjM76J4fFQJ-- | V19: https://drive.google.com/file/d/1wrUIK_BVu3RxQTNqwEnHjM76J4fFQJ--/view?usp=drivesdk | W19: =HYPERLINK("https://drive.google.com/file/d/1wrUIK_BVu3RxQTNqwEnHjM76J4fFQJ--/view?usp=drivesdk","유성혁_진로적성검사_2026") -> 유성혁_진로적성검사_2026 | X19: Document successfully created; Document successfully merged; PDF created; Run via form trigger as jeongjinung4@gmail.com; Timestamp: Aug 13, 2026 4:09 AM | AA19: SENT | AB19: 46247.715
A20: 전태은 | B20: 2025 | C20: ESFP | D20: jte0506@naver.com | E20: 야전·실무형(R) | F20: 귀하의 진로적성검사 결과를 종합하면 야전·실무형(R) 성향이 두드러지며, 이는 장비 운용과 현장 중심의 임무 수행에서 강점을 보이는 전형적인 야전형 장교로 성장할 가능성을 의미합니다. 이러한 성향은 군 환경에서 전투장비 운용과 유지관리, 전술적 운용, 병력 통제 등 실제 전투력과 직결되는 분야에서 특히 중요한 역할을 하며, 전투장비를 운용하는 보병(기보)·포병·기갑·방공·육군항공과 같은 전투임무 위주 병과뿐 아니라 공병, 정보통신,화학 등 기술 기반 병과에서도 높은 적합성을 보입니다. 전투병과 특기 선택시는 작전, 군수, 획득분야가 가장 적합합니다. 또한 군수, 병기, 병참, 수송 분야에서도 장비 관리와 운용 능력을 효과적으로 발휘할 수 있습니다. 전문인력 분야로는 통신·공병 등 기술 전문 분야나 무기체계 획득 및 관리와 같은 획득 전문 영역, 장비 중심 연구개발 분야에서도 발전 가능성이 큽니다. 현실형 장교는 전투 및 훈련 상황에서 빠르고 정확한 판단과 실행력을 바탕으로 가시적인 성과를 창출하며, 부하들에게 신뢰를 주는 장점이 있습니다. 다만 단기적 실행에 집중하는 경향으로 인해 장기적 안목 형성과 체계적인 기획 능력, 세밀한 의사소통, 유연한 상황 대응 및 병사 개개인에 대한 심리적 관리 측면에서는 보완이 필요합니다. 따라서 리더형(E, 리더십)이나 행정관리형(C, 정확한 업무수행) 성향을 함께 강화한다면 더욱 높은 성과를 기대할 수 있습니다. | G20: 48 | H20: 48 | I20: 48 | J20: 48 | K20: 48 | L20: 48 | U20: 1NtRpzjcjaGEIr4IGqFBkpxzowl0DtJ6z | V20: https://drive.google.com/file/d/1NtRpzjcjaGEIr4IGqFBkpxzowl0DtJ6z/view?usp=drivesdk | W20: =HYPERLINK("https://drive.google.com/file/d/1NtRpzjcjaGEIr4IGqFBkpxzowl0DtJ6z/view?usp=drivesdk","전태은_진로적성검사_2026") -> 전태은_진로적성검사_2026 | X20: Document successfully created; Document successfully merged; PDF created; Run via form trigger as jeongjinung4@gmail.com; Timestamp: Aug 13, 2026 4:09 AM | AA20: SENT | AB20: 46247.715
A21: 이재완 | B21: 2006 | C21: INTJ | D21: sdh220216@sdh.hs.kr | E21: 기술·분석형(I) | F21: 귀하의 검사 결과, 기술·분석형(I) 성향이 중심적으로 나타났습니다. 분석적 사고와 문제 해결 능력이 뛰어나며, 복잡한 시스템과 정보를 이해하고 활용하는 데 강점을 지닌 유형입니다. 군에서는 이러한 능력이 정보전, 기술전, 미래전 수행에 핵심적으로 활용됩니다. 귀하에게는 정보, 정보통신, 화학 병과 등이 특히 적합하며, 기술적 분석이 요구되는 공병 및 항공 분야에서도 역량을 발휘할 수 있습니다. 전문인력 분야에서는 사이버, 연구개발, 국방분석 등 특수전문 영역이 적합하며, 정책전문이나 국제전문 분야에서도 분석 기반 의사결정 능력을 활용할 수 있습니다. 향후에는 기술적 이해뿐 아니라 야전에서 실제 적용 능력을 함께 강화하는 것이 중요합니다. 야전·실무형(R, 현장감각)이나 행정관리형(C, 체계적 업무수행) 성향을 보완한다면 실무와 분석을 겸비한 핵심 인재로 성장할 수 있습니다. 그러나 현상 분석에 집중하는 경향으로 인해 의사결정이 지연되거나 실행력이 부족해질 수 있음을 유의해야 합니다. 위에서 추천드린 병과 역시 지휘관 직위를 필수로 이수해야 하므로 야전부대 현장 감각을 유지하고 의사소통 및 대인관계 형성과 같은 리더십을 함양에도 힘써야 합니다. | G21: 33 | H21: 37 | I21: 34 | J21: 25 | K21: 21 | L21: 28 | U21: 1EG1AAZhDO1U1O0sBfGT_iQ_nD5s4TCeW | V21: https://drive.google.com/file/d/1EG1AAZhDO1U1O0sBfGT_iQ_nD5s4TCeW/view?usp=drivesdk | W21: =HYPERLINK("https://drive.google.com/file/d/1EG1AAZhDO1U1O0sBfGT_iQ_nD5s4TCeW/view?usp=drivesdk","이재완_진로적성검사_2026") -> 이재완_진로적성검사_2026 | X21: Document successfully created; Document successfully merged; PDF created; Run via form trigger as jeongjinung4@gmail.com; Timestamp: Aug 13, 2026 4:09 AM | AA21: SENT | AB21: 46247.764
A22: 장재혁 | B22: 2021 | C22: INFJ | D22: wkdwogur1201@naver.com | E22: 리더형(E) | F22: 귀하의 검사 결과, 리더형(E) 성향이 강하게 나타났습니다. 리더십과 의사결정 능력(협의, 조정)이 뛰어나며, 조직을 이끌고 목표를 달성하는 데 강점을 가진 유형입니다. 또한 이 유형은 상황을 빠르게 파악하고 방향을 설정하여 조직을 이끄는 능력이 뛰어나며, 부하들을 동기부여하고 목표 달성을 위해 자원을 효과적으로 배분하는 데 능숙합니다. 군에서는 이러한 성향이 지휘관 역할과 직결됩니다. 귀하에게는 보병, 포병, 기갑 등 모든 전투 병과에서의 전투부대 지휘 역할에 적합하여 조직 관리 능력을 발휘할 수 있습니다. 전문인력 분야에서는 정책전문, 국제전문(무관 등), 획득전문(방위사업 관련) 분야가 적합합니다. 향후에는 단순한 리더십을 넘어 전문성과 현장 이해를 함께 갖추는 것이 중요합니다. 야전·실무형(R,현장감각)이나 관계형(S,대인관계) 성향을 보완한다면 더욱 균형 잡힌 지휘관으로 성장할 수 있습니다. 또한 전투병과 장교는 지휘관과 참모직위를 모두 이수해야 하므로 참모로서의 섬세함과 업무관리 능력을 함양해야 한다. | G22: 44 | H22: 47 | I22: 42 | J22: 56 | K22: 57 | L22: 54 | U22: 1DE4QtkZwpBnKAaW8Ed-cUcGgNeNA6qWp | V22: https://drive.google.com/file/d/1DE4QtkZwpBnKAaW8Ed-cUcGgNeNA6qWp/view?usp=drivesdk | W22: =HYPERLINK("https://drive.google.com/file/d/1DE4QtkZwpBnKAaW8Ed-cUcGgNeNA6qWp/view?usp=drivesdk","장재혁_진로적성검사_2026") -> 장재혁_진로적성검사_2026 | X22: Document successfully created; Document successfully merged; PDF created; Run via form trigger as jeongjinung4@gmail.com; Timestamp: Aug 13, 2026 5:20 AM | AA22: SENT | AB22: 46247.794
A23: 박종민 | B23: 2507 | C23: ESTP | D23: sunlight6543@naver.com | E23: 리더형(E) | F23: 귀하의 검사 결과, 리더형(E) 성향이 강하게 나타났습니다. 리더십과 의사결정 능력(협의, 조정)이 뛰어나며, 조직을 이끌고 목표를 달성하는 데 강점을 가진 유형입니다. 또한 이 유형은 상황을 빠르게 파악하고 방향을 설정하여 조직을 이끄는 능력이 뛰어나며, 부하들을 동기부여하고 목표 달성을 위해 자원을 효과적으로 배분하는 데 능숙합니다. 군에서는 이러한 성향이 지휘관 역할과 직결됩니다. 귀하에게는 보병, 포병, 기갑 등 모든 전투 병과에서의 전투부대 지휘 역할에 적합하여 조직 관리 능력을 발휘할 수 있습니다. 전문인력 분야에서는 정책전문, 국제전문(무관 등), 획득전문(방위사업 관련) 분야가 적합합니다. 향후에는 단순한 리더십을 넘어 전문성과 현장 이해를 함께 갖추는 것이 중요합니다. 야전·실무형(R,현장감각)이나 관계형(S,대인관계) 성향을 보완한다면 더욱 균형 잡힌 지휘관으로 성장할 수 있습니다. 또한 전투병과 장교는 지휘관과 참모직위를 모두 이수해야 하므로 참모로서의 섬세함과 업무관리 능력을 함양해야 한다. | G23: 51 | H23: 53 | I23: 50 | J23: 59 | K23: 60 | L23: 54 | U23: 19mpL21eoVjRAqB-FaBYRwntS_k2Vb-om | V23: https://drive.google.com/file/d/19mpL21eoVjRAqB-FaBYRwntS_k2Vb-om/view?usp=drivesdk | W23: =HYPERLINK("https://drive.google.com/file/d/19mpL21eoVjRAqB-FaBYRwntS_k2Vb-om/view?usp=drivesdk","박종민_진로적성검사_2026") -> 박종민_진로적성검사_2026 | X23: Document successfully created; Document successfully merged; PDF created; Run via form trigger as jeongjinung4@gmail.com; Timestamp: Aug 13, 2026 6:03 AM | AA23: SENT | AB23: 46247.834
A24: 문관우 | B24: 2026 | C24: INTP | D24: qwersadzaee@gmail.com | E24: 야전·실무형(R) | F24: 귀하의 진로적성검사 결과를 종합하면 야전·실무형(R) 성향이 두드러지며, 이는 장비 운용과 현장 중심의 임무 수행에서 강점을 보이는 전형적인 야전형 장교로 성장할 가능성을 의미합니다. 이러한 성향은 군 환경에서 전투장비 운용과 유지관리, 전술적 운용, 병력 통제 등 실제 전투력과 직결되는 분야에서 특히 중요한 역할을 하며, 전투장비를 운용하는 보병(기보)·포병·기갑·방공·육군항공과 같은 전투임무 위주 병과뿐 아니라 공병, 정보통신,화학 등 기술 기반 병과에서도 높은 적합성을 보입니다. 전투병과 특기 선택시는 작전, 군수, 획득분야가 가장 적합합니다. 또한 군수, 병기, 병참, 수송 분야에서도 장비 관리와 운용 능력을 효과적으로 발휘할 수 있습니다. 전문인력 분야로는 통신·공병 등 기술 전문 분야나 무기체계 획득 및 관리와 같은 획득 전문 영역, 장비 중심 연구개발 분야에서도 발전 가능성이 큽니다. 현실형 장교는 전투 및 훈련 상황에서 빠르고 정확한 판단과 실행력을 바탕으로 가시적인 성과를 창출하며, 부하들에게 신뢰를 주는 장점이 있습니다. 다만 단기적 실행에 집중하는 경향으로 인해 장기적 안목 형성과 체계적인 기획 능력, 세밀한 의사소통, 유연한 상황 대응 및 병사 개개인에 대한 심리적 관리 측면에서는 보완이 필요합니다. 따라서 리더형(E, 리더십)이나 행정관리형(C, 정확한 업무수행) 성향을 함께 강화한다면 더욱 높은 성과를 기대할 수 있습니다. | G24: 37 | H24: 36 | I24: 36 | J24: 35 | K24: 36 | L24: 37 | U24: 14zxTxPQ3MvRRc_1q6HNJ5U4DlsuWNW_h | V24: https://drive.google.com/file/d/14zxTxPQ3MvRRc_1q6HNJ5U4DlsuWNW_h/view?usp=drivesdk | W24: =HYPERLINK("https://drive.google.com/file/d/14zxTxPQ3MvRRc_1q6HNJ5U4DlsuWNW_h/view?usp=drivesdk","문관우_진로적성검사_2026") -> 문관우_진로적성검사_2026 | X24: Document successfully created; Document successfully merged; PDF created; Run via form trigger as jeongjinung4@gmail.com; Timestamp: Aug 13, 2026 6:04 AM | AA24: SENT | AB24: 46247.834
A25: 문관우 | B25: 2026 | C25: INTP | D25: qwersadzaee@gmail.com | E25: 창의형(A) | F25: 귀하의 진로적성검사 결과, 창의형(A) 성향이 높게 나타났습니다. 창의적인 표현과 방법, 새로운 아이디어를 통해 조직에 활력을 불어넣는 역할을 합니다. 군 조직에서는 이러한 성향이 장병 사기진작, 홍보, 심리전, 문화 활동 등에서 중요한 의미를 갖습니다. 귀하에게는 전투병과 인사특기,정훈병과가 적합하며, 인사근무 및 사기진작 활동, 영상 제작 및 콘텐츠 기획을 통한 군 홍보활동 등의 분야에서 강점을 발휘할 수 있습니다. 또한 인사행정이나 군사경찰 기능 중 일부 분야에서도 창의적 역할을 수행할 수 있습니다. 전문인력 분야에서는 정책전문(국방정책 홍보) 또는 국방홍보원 등의 미디어 분야로의 확장이 가능합니다. 군 조직 특성상 기본적인 규율과 체계 적응이 중요하므로, 행정관리형(C, 규율중시, 정확성)이나 관계형(S, 협업관계) 역량을 함께 보완한다면 보다 안정적인 성과를 낼 수 있습니다. 위에서 추천드린 전투병과(인사특기), 군사경찰 병과 역시 지휘관 직위를 필수로 이수해야 하므로 야전부대 현장 감각을 유지하고 의사소통 및 대인관계 형성과 같은 리더십을 함양에도 힘써야 합니다. | G25: 44 | H25: 38 | I25: 46 | J25: 40 | K25: 45 | L25: 39 | U25: 1GwZ0WUnW2cveojqlO3GJM8853HxpjiBw | V25: https://drive.google.com/file/d/1GwZ0WUnW2cveojqlO3GJM8853HxpjiBw/view?usp=drivesdk | W25: =HYPERLINK("https://drive.google.com/file/d/1GwZ0WUnW2cveojqlO3GJM8853HxpjiBw/view?usp=drivesdk","문관우_진로적성검사_2026") -> 문관우_진로적성검사_2026 | X25: Document successfully created; Document successfully merged; PDF created; Run via form trigger as jeongjinung4@gmail.com; Timestamp: Aug 13, 2026 7:00 AM | AA25: SENT | AB25: 46247.922
A26: 하연 | B26: 2027 | C26: ESFP | D26: namhayeon7648@gmail.com | E26: 관계형(S) | F26: 귀하의 검사 결과, 관계형(S) 성향이 중심적으로 나타났습니다. 사람을 이해하고 돕는 데 강점을 가진 유형으로, 조직 내 안정과 협력을 이끄는 중요한 역할을 수행합니다. 귀하에게는 전투병과(인사특기, 작전특기), 인사행정, 정훈, 군의, 의정, 간호 분야가 적합하여, 대인관계 중심 역할에서 역량을 발휘할 수 있습니다. 전문인력 분야에서는 정책전문(교육, 복지 및 인사 정책), 국제전문(협력 및 교류), 교육·교수 중심의 특수전문 분야가 적합합니다. 향후에는 조직 운영 능력을 강화하는 것이 중요합니다. 야전·실무형(R, 병력 및 장비운용)과 리더형(E,리더십) 성향을 함께 발전시키면 지휘 및 관리 역할에서도 큰 강점을 발휘할 수 있습니다. 위에서 추천드린 전투병과(인사특기, 작전특기)는 지휘관 직위를 필수로 이수해야 하므로 야전부대 현장 감각을 유지하며 리더십 함양에도 힘써야 합니다. | G26: 33 | H26: 24 | I26: 31 | J26: 47 | K26: 35 | L26: 43 | U26: 1YIJ0wZtxKshozQoATUjV6IZDLgxMoxNB | V26: https://drive.google.com/file/d/1YIJ0wZtxKshozQoATUjV6IZDLgxMoxNB/view?usp=drivesdk | W26: =HYPERLINK("https://drive.google.com/file/d/1YIJ0wZtxKshozQoATUjV6IZDLgxMoxNB/view?usp=drivesdk","하연_진로적성검사_2026") -> 하연_진로적성검사_2026 | X26: Document successfully created; Document successfully merged; PDF created; Run via form trigger as jeongjinung4@gmail.com; Timestamp: Aug 13, 2026 9:08 AM | AA26: SENT | AB26: 46248.005
A27: 안문기 | B27: 2026 | C27: INFJ | D27: mungiahn@gmail.com | E27: 관계형(S) | F27: 귀하의 검사 결과, 관계형(S) 성향이 중심적으로 나타났습니다. 사람을 이해하고 돕는 데 강점을 가진 유형으로, 조직 내 안정과 협력을 이끄는 중요한 역할을 수행합니다. 귀하에게는 전투병과(인사특기, 작전특기), 인사행정, 정훈, 군의, 의정, 간호 분야가 적합하여, 대인관계 중심 역할에서 역량을 발휘할 수 있습니다. 전문인력 분야에서는 정책전문(교육, 복지 및 인사 정책), 국제전문(협력 및 교류), 교육·교수 중심의 특수전문 분야가 적합합니다. 향후에는 조직 운영 능력을 강화하는 것이 중요합니다. 야전·실무형(R, 병력 및 장비운용)과 리더형(E,리더십) 성향을 함께 발전시키면 지휘 및 관리 역할에서도 큰 강점을 발휘할 수 있습니다. 위에서 추천드린 전투병과(인사특기, 작전특기)는 지휘관 직위를 필수로 이수해야 하므로 야전부대 현장 감각을 유지하며 리더십 함양에도 힘써야 합니다. | G27: 48 | H27: 45 | I27: 49 | J27: 58 | K27: 41 | L27: 49 | U27: 1eHVr0Mm4g-8SmMXuaSnj5YxlLyQunRDo | V27: https://drive.google.com/file/d/1eHVr0Mm4g-8SmMXuaSnj5YxlLyQunRDo/view?usp=drivesdk | W27: =HYPERLINK("https://drive.google.com/file/d/1eHVr0Mm4g-8SmMXuaSnj5YxlLyQunRDo/view?usp=drivesdk","안문기_진로적성검사_2026") -> 안문기_진로적성검사_2026 | X27: Document successfully created; Document successfully merged; PDF created; Run via form trigger as jeongjinung4@gmail.com; Timestamp: Aug 13, 2026 11:07 AM | AA27: SENT | AB27: 46248.3
A28: 최승준 | B28: 2013 | C28: ENTJ | D28: paoyusha@naver.com | E28: 관계형(S) | F28: 귀하의 검사 결과, 관계형(S) 성향이 중심적으로 나타났습니다. 사람을 이해하고 돕는 데 강점을 가진 유형으로, 조직 내 안정과 협력을 이끄는 중요한 역할을 수행합니다. 귀하에게는 전투병과(인사특기, 작전특기), 인사행정, 정훈, 군의, 의정, 간호 분야가 적합하여, 대인관계 중심 역할에서 역량을 발휘할 수 있습니다. 전문인력 분야에서는 정책전문(교육, 복지 및 인사 정책), 국제전문(협력 및 교류), 교육·교수 중심의 특수전문 분야가 적합합니다. 향후에는 조직 운영 능력을 강화하는 것이 중요합니다. 야전·실무형(R, 병력 및 장비운용)과 리더형(E,리더십) 성향을 함께 발전시키면 지휘 및 관리 역할에서도 큰 강점을 발휘할 수 있습니다. 위에서 추천드린 전투병과(인사특기, 작전특기)는 지휘관 직위를 필수로 이수해야 하므로 야전부대 현장 감각을 유지하며 리더십 함양에도 힘써야 합니다. | G28: 49 | H28: 51 | I28: 48 | J28: 52 | K28: 50 | L28: 48 | U28: 1X0KgZDyD53aIGLnYvXS84Aqd1vONC87a | V28: https://drive.google.com/file/d/1X0KgZDyD53aIGLnYvXS84Aqd1vONC87a/view?usp=drivesdk | W28: =HYPERLINK("https://drive.google.com/file/d/1X0KgZDyD53aIGLnYvXS84Aqd1vONC87a/view?usp=drivesdk","최승준_진로적성검사_2026") -> 최승준_진로적성검사_2026 | X28: Document successfully created; Document successfully merged; PDF created; Run via form trigger as jeongjinung4@gmail.com; Timestamp: Aug 13, 2026 6:12 PM | AA28: SENT | AB28: 46248.325
A29: 테스트 | B29: 1 | C29: 1 | D29: kclee1982@naver.com | E29: 야전·실무형(R) | F29: 귀하의 진로적성검사 결과를 종합하면 야전·실무형(R) 성향이 두드러지며, 이는 장비 운용과 현장 중심의 임무 수행에서 강점을 보이는 전형적인 야전형 장교로 성장할 가능성을 의미합니다. 이러한 성향은 군 환경에서 전투장비 운용과 유지관리, 전술적 운용, 병력 통제 등 실제 전투력과 직결되는 분야에서 특히 중요한 역할을 하며, 전투장비를 운용하는 보병(기보)·포병·기갑·방공·육군항공과 같은 전투임무 위주 병과뿐 아니라 공병, 정보통신,화학 등 기술 기반 병과에서도 높은 적합성을 보입니다. 전투병과 특기 선택시는 작전, 군수, 획득분야가 가장 적합합니다. 또한 군수, 병기, 병참, 수송 분야에서도 장비 관리와 운용 능력을 효과적으로 발휘할 수 있습니다. 전문인력 분야로는 통신·공병 등 기술 전문 분야나 무기체계 획득 및 관리와 같은 획득 전문 영역, 장비 중심 연구개발 분야에서도 발전 가능성이 큽니다. 현실형 장교는 전투 및 훈련 상황에서 빠르고 정확한 판단과 실행력을 바탕으로 가시적인 성과를 창출하며, 부하들에게 신뢰를 주는 장점이 있습니다. 다만 단기적 실행에 집중하는 경향으로 인해 장기적 안목 형성과 체계적인 기획 능력, 세밀한 의사소통, 유연한 상황 대응 및 병사 개개인에 대한 심리적 관리 측면에서는 보완이 필요합니다. 따라서 리더형(E, 리더십)이나 행정관리형(C, 정확한 업무수행) 성향을 함께 강화한다면 더욱 높은 성과를 기대할 수 있습니다. | G29: 36 | H29: 36 | I29: 36 | J29: 36 | K29: 36 | L29: 36 | U29: 1_M88-xln3-IFqfZcS2BcAQbpiwWSn0fg | V29: https://drive.google.com/file/d/1_M88-xln3-IFqfZcS2BcAQbpiwWSn0fg/view?usp=drivesdk | W29: =HYPERLINK("https://drive.google.com/file/d/1_M88-xln3-IFqfZcS2BcAQbpiwWSn0fg/view?usp=drivesdk","테스트_진로적성검사_2026") -> 테스트_진로적성검사_2026 | X29: Document successfully created; Document successfully merged; PDF created; Run via form trigger as jeongjinung4@gmail.com; Timestamp: Aug 13, 2026 6:48 PM | AA29: SENT | AB29: 46248.334
A30: 테스트 | B30: 2025 | C30: ESTJ | D30: kimnummun@gmail.com | E30: 야전·실무형(R) | F30: 귀하의 진로적성검사 결과를 종합하면 야전·실무형(R) 성향이 두드러지며, 이는 장비 운용과 현장 중심의 임무 수행에서 강점을 보이는 전형적인 야전형 장교로 성장할 가능성을 의미합니다. 이러한 성향은 군 환경에서 전투장비 운용과 유지관리, 전술적 운용, 병력 통제 등 실제 전투력과 직결되는 분야에서 특히 중요한 역할을 하며, 전투장비를 운용하는 보병(기보)·포병·기갑·방공·육군항공과 같은 전투임무 위주 병과뿐 아니라 공병, 정보통신,화학 등 기술 기반 병과에서도 높은 적합성을 보입니다. 전투병과 특기 선택시는 작전, 군수, 획득분야가 가장 적합합니다. 또한 군수, 병기, 병참, 수송 분야에서도 장비 관리와 운용 능력을 효과적으로 발휘할 수 있습니다. 전문인력 분야로는 통신·공병 등 기술 전문 분야나 무기체계 획득 및 관리와 같은 획득 전문 영역, 장비 중심 연구개발 분야에서도 발전 가능성이 큽니다. 현실형 장교는 전투 및 훈련 상황에서 빠르고 정확한 판단과 실행력을 바탕으로 가시적인 성과를 창출하며, 부하들에게 신뢰를 주는 장점이 있습니다. 다만 단기적 실행에 집중하는 경향으로 인해 장기적 안목 형성과 체계적인 기획 능력, 세밀한 의사소통, 유연한 상황 대응 및 병사 개개인에 대한 심리적 관리 측면에서는 보완이 필요합니다. 따라서 리더형(E, 리더십)이나 행정관리형(C, 정확한 업무수행) 성향을 함께 강화한다면 더욱 높은 성과를 기대할 수 있습니다. | G30: 60 | H30: 60 | I30: 60 | J30: 60 | K30: 60 | L30: 60 | U30: 1NvaLCat0cTBBCHY5brZsBArx3egcRzXL | V30: https://drive.google.com/file/d/1NvaLCat0cTBBCHY5brZsBArx3egcRzXL/view?usp=drivesdk | W30: =HYPERLINK("https://drive.google.com/file/d/1NvaLCat0cTBBCHY5brZsBArx3egcRzXL/view?usp=drivesdk","테스트_진로적성검사_2026") -> 테스트_진로적성검사_2026 | X30: Document successfully created; Document successfully merged; PDF created; Run via form trigger as jeongjinung4@gmail.com; Timestamp: Aug 13, 2026 7:00 PM | AA30: SENT | AB30: 46248.338
A31: 테스트 | B31: 1 | C31: 1 | D31: enrud1103@naver.com | E31: 야전·실무형(R) | F31: 귀하의 진로적성검사 결과를 종합하면 야전·실무형(R) 성향이 두드러지며, 이는 장비 운용과 현장 중심의 임무 수행에서 강점을 보이는 전형적인 야전형 장교로 성장할 가능성을 의미합니다. 이러한 성향은 군 환경에서 전투장비 운용과 유지관리, 전술적 운용, 병력 통제 등 실제 전투력과 직결되는 분야에서 특히 중요한 역할을 하며, 전투장비를 운용하는 보병(기보)·포병·기갑·방공·육군항공과 같은 전투임무 위주 병과뿐 아니라 공병, 정보통신,화학 등 기술 기반 병과에서도 높은 적합성을 보입니다. 전투병과 특기 선택시는 작전, 군수, 획득분야가 가장 적합합니다. 또한 군수, 병기, 병참, 수송 분야에서도 장비 관리와 운용 능력을 효과적으로 발휘할 수 있습니다. 전문인력 분야로는 통신·공병 등 기술 전문 분야나 무기체계 획득 및 관리와 같은 획득 전문 영역, 장비 중심 연구개발 분야에서도 발전 가능성이 큽니다. 현실형 장교는 전투 및 훈련 상황에서 빠르고 정확한 판단과 실행력을 바탕으로 가시적인 성과를 창출하며, 부하들에게 신뢰를 주는 장점이 있습니다. 다만 단기적 실행에 집중하는 경향으로 인해 장기적 안목 형성과 체계적인 기획 능력, 세밀한 의사소통, 유연한 상황 대응 및 병사 개개인에 대한 심리적 관리 측면에서는 보완이 필요합니다. 따라서 리더형(E, 리더십)이나 행정관리형(C, 정확한 업무수행) 성향을 함께 강화한다면 더욱 높은 성과를 기대할 수 있습니다. | G31: 36 | H31: 36 | I31: 36 | J31: 36 | K31: 36 | L31: 36 | U31: 1TwQLy568Q3xzdfapdaPviFdKCaomjeoX | V31: https://drive.google.com/file/d/1TwQLy568Q3xzdfapdaPviFdKCaomjeoX/view?usp=drivesdk | W31: =HYPERLINK("https://drive.google.com/file/d/1TwQLy568Q3xzdfapdaPviFdKCaomjeoX/view?usp=drivesdk","테스트_진로적성검사_2026") -> 테스트_진로적성검사_2026 | X31: Document successfully created; Document successfully merged; PDF created; Run via form trigger as jeongjinung4@gmail.com; Timestamp: Aug 13, 2026 7:07 PM | AA31: SENT | AB31: 46248.343
A32: 규훈 | B32: 2020 | C32: ckdjf | D32: rbgns0105@gmail.com | E32: 야전·실무형(R) | F32: 귀하의 진로적성검사 결과를 종합하면 야전·실무형(R) 성향이 두드러지며, 이는 장비 운용과 현장 중심의 임무 수행에서 강점을 보이는 전형적인 야전형 장교로 성장할 가능성을 의미합니다. 이러한 성향은 군 환경에서 전투장비 운용과 유지관리, 전술적 운용, 병력 통제 등 실제 전투력과 직결되는 분야에서 특히 중요한 역할을 하며, 전투장비를 운용하는 보병(기보)·포병·기갑·방공·육군항공과 같은 전투임무 위주 병과뿐 아니라 공병, 정보통신,화학 등 기술 기반 병과에서도 높은 적합성을 보입니다. 전투병과 특기 선택시는 작전, 군수, 획득분야가 가장 적합합니다. 또한 군수, 병기, 병참, 수송 분야에서도 장비 관리와 운용 능력을 효과적으로 발휘할 수 있습니다. 전문인력 분야로는 통신·공병 등 기술 전문 분야나 무기체계 획득 및 관리와 같은 획득 전문 영역, 장비 중심 연구개발 분야에서도 발전 가능성이 큽니다. 현실형 장교는 전투 및 훈련 상황에서 빠르고 정확한 판단과 실행력을 바탕으로 가시적인 성과를 창출하며, 부하들에게 신뢰를 주는 장점이 있습니다. 다만 단기적 실행에 집중하는 경향으로 인해 장기적 안목 형성과 체계적인 기획 능력, 세밀한 의사소통, 유연한 상황 대응 및 병사 개개인에 대한 심리적 관리 측면에서는 보완이 필요합니다. 따라서 리더형(E, 리더십)이나 행정관리형(C, 정확한 업무수행) 성향을 함께 강화한다면 더욱 높은 성과를 기대할 수 있습니다. | G32: 38 | H32: 27 | I32: 36 | J32: 32 | K32: 30 | L32: 32 | U32: 1J_xXkWguuyqhNOm1bh22tcs9hQGrBeg2 | V32: https://drive.google.com/file/d/1J_xXkWguuyqhNOm1bh22tcs9hQGrBeg2/view?usp=drivesdk | W32: =HYPERLINK("https://drive.google.com/file/d/1J_xXkWguuyqhNOm1bh22tcs9hQGrBeg2/view?usp=drivesdk","규훈_진로적성검사_2026") -> 규훈_진로적성검사_2026 | X32: Document successfully created; Document successfully merged; PDF created; Run via form trigger as jeongjinung4@gmail.com; Timestamp: Aug 13, 2026 7:13 PM | AA32: SENT | AB32: 46248.343
A33: 전태은 | B33: 2025 | C33: ESFP | D33: jte0506@naver.com | E33: 야전·실무형(R) | F33: 귀하의 진로적성검사 결과를 종합하면 야전·실무형(R) 성향이 두드러지며, 이는 장비 운용과 현장 중심의 임무 수행에서 강점을 보이는 전형적인 야전형 장교로 성장할 가능성을 의미합니다. 이러한 성향은 군 환경에서 전투장비 운용과 유지관리, 전술적 운용, 병력 통제 등 실제 전투력과 직결되는 분야에서 특히 중요한 역할을 하며, 전투장비를 운용하는 보병(기보)·포병·기갑·방공·육군항공과 같은 전투임무 위주 병과뿐 아니라 공병, 정보통신,화학 등 기술 기반 병과에서도 높은 적합성을 보입니다. 전투병과 특기 선택시는 작전, 군수, 획득분야가 가장 적합합니다. 또한 군수, 병기, 병참, 수송 분야에서도 장비 관리와 운용 능력을 효과적으로 발휘할 수 있습니다. 전문인력 분야로는 통신·공병 등 기술 전문 분야나 무기체계 획득 및 관리와 같은 획득 전문 영역, 장비 중심 연구개발 분야에서도 발전 가능성이 큽니다. 현실형 장교는 전투 및 훈련 상황에서 빠르고 정확한 판단과 실행력을 바탕으로 가시적인 성과를 창출하며, 부하들에게 신뢰를 주는 장점이 있습니다. 다만 단기적 실행에 집중하는 경향으로 인해 장기적 안목 형성과 체계적인 기획 능력, 세밀한 의사소통, 유연한 상황 대응 및 병사 개개인에 대한 심리적 관리 측면에서는 보완이 필요합니다. 따라서 리더형(E, 리더십)이나 행정관리형(C, 정확한 업무수행) 성향을 함께 강화한다면 더욱 높은 성과를 기대할 수 있습니다. | G33: 48 | H33: 48 | I33: 48 | J33: 48 | K33: 48 | L33: 48 | U33: 1LdBglW9x-r6KoCjeabkaV60baz98bk4r | V33: https://drive.google.com/file/d/1LdBglW9x-r6KoCjeabkaV60baz98bk4r/view?usp=drivesdk | W33: =HYPERLINK("https://drive.google.com/file/d/1LdBglW9x-r6KoCjeabkaV60baz98bk4r/view?usp=drivesdk","전태은_진로적성검사_2026") -> 전태은_진로적성검사_2026 | X33: Document successfully created; Document successfully merged; PDF created; Run via form trigger as jeongjinung4@gmail.com; Timestamp: Aug 13, 2026 7:13 PM | AA33: SENT | AB33: 46248.343
A34: 테스트 | B34: 1 | C34: 1 | D34: enrud1103@naver.com | E34: 야전·실무형(R) | F34: 귀하의 진로적성검사 결과를 종합하면 야전·실무형(R) 성향이 두드러지며, 이는 장비 운용과 현장 중심의 임무 수행에서 강점을 보이는 전형적인 야전형 장교로 성장할 가능성을 의미합니다. 이러한 성향은 군 환경에서 전투장비 운용과 유지관리, 전술적 운용, 병력 통제 등 실제 전투력과 직결되는 분야에서 특히 중요한 역할을 하며, 전투장비를 운용하는 보병(기보)·포병·기갑·방공·육군항공과 같은 전투임무 위주 병과뿐 아니라 공병, 정보통신,화학 등 기술 기반 병과에서도 높은 적합성을 보입니다. 전투병과 특기 선택시는 작전, 군수, 획득분야가 가장 적합합니다. 또한 군수, 병기, 병참, 수송 분야에서도 장비 관리와 운용 능력을 효과적으로 발휘할 수 있습니다. 전문인력 분야로는 통신·공병 등 기술 전문 분야나 무기체계 획득 및 관리와 같은 획득 전문 영역, 장비 중심 연구개발 분야에서도 발전 가능성이 큽니다. 현실형 장교는 전투 및 훈련 상황에서 빠르고 정확한 판단과 실행력을 바탕으로 가시적인 성과를 창출하며, 부하들에게 신뢰를 주는 장점이 있습니다. 다만 단기적 실행에 집중하는 경향으로 인해 장기적 안목 형성과 체계적인 기획 능력, 세밀한 의사소통, 유연한 상황 대응 및 병사 개개인에 대한 심리적 관리 측면에서는 보완이 필요합니다. 따라서 리더형(E, 리더십)이나 행정관리형(C, 정확한 업무수행) 성향을 함께 강화한다면 더욱 높은 성과를 기대할 수 있습니다. | G34: 36 | H34: 36 | I34: 36 | J34: 36 | K34: 36 | L34: 36 | U34: 1qtX5J4hmHNkHb6See4T2NIPA48odeJne | V34: https://drive.google.com/file/d/1qtX5J4hmHNkHb6See4T2NIPA48odeJne/view?usp=drivesdk | W34: =HYPERLINK("https://drive.google.com/file/d/1qtX5J4hmHNkHb6See4T2NIPA48odeJne/view?usp=drivesdk","테스트_진로적성검사_2026") -> 테스트_진로적성검사_2026 | X34: Document successfully created; Document successfully merged; PDF created; Run via form trigger as jeongjinung4@gmail.com; Timestamp: Aug 13, 2026 7:14 PM | AA34: SENT | AB34: 46248.351
A35: 테스트 | B35: 2025 | C35: estj | D35: kimnummun@gmail.com | E35: 야전·실무형(R) | F35: 귀하의 진로적성검사 결과를 종합하면 야전·실무형(R) 성향이 두드러지며, 이는 장비 운용과 현장 중심의 임무 수행에서 강점을 보이는 전형적인 야전형 장교로 성장할 가능성을 의미합니다. 이러한 성향은 군 환경에서 전투장비 운용과 유지관리, 전술적 운용, 병력 통제 등 실제 전투력과 직결되는 분야에서 특히 중요한 역할을 하며, 전투장비를 운용하는 보병(기보)·포병·기갑·방공·육군항공과 같은 전투임무 위주 병과뿐 아니라 공병, 정보통신,화학 등 기술 기반 병과에서도 높은 적합성을 보입니다. 전투병과 특기 선택시는 작전, 군수, 획득분야가 가장 적합합니다. 또한 군수, 병기, 병참, 수송 분야에서도 장비 관리와 운용 능력을 효과적으로 발휘할 수 있습니다. 전문인력 분야로는 통신·공병 등 기술 전문 분야나 무기체계 획득 및 관리와 같은 획득 전문 영역, 장비 중심 연구개발 분야에서도 발전 가능성이 큽니다. 현실형 장교는 전투 및 훈련 상황에서 빠르고 정확한 판단과 실행력을 바탕으로 가시적인 성과를 창출하며, 부하들에게 신뢰를 주는 장점이 있습니다. 다만 단기적 실행에 집중하는 경향으로 인해 장기적 안목 형성과 체계적인 기획 능력, 세밀한 의사소통, 유연한 상황 대응 및 병사 개개인에 대한 심리적 관리 측면에서는 보완이 필요합니다. 따라서 리더형(E, 리더십)이나 행정관리형(C, 정확한 업무수행) 성향을 함께 강화한다면 더욱 높은 성과를 기대할 수 있습니다. | G35: 60 | H35: 60 | I35: 60 | J35: 60 | K35: 60 | L35: 60 | U35: 1mmn1VYuJ7DBoQI2bbBX3uVklLLK1p40f | V35: https://drive.google.com/file/d/1mmn1VYuJ7DBoQI2bbBX3uVklLLK1p40f/view?usp=drivesdk | W35: =HYPERLINK("https://drive.google.com/file/d/1mmn1VYuJ7DBoQI2bbBX3uVklLLK1p40f/view?usp=drivesdk","테스트_진로적성검사_2026") -> 테스트_진로적성검사_2026 | X35: Document successfully created; Document successfully merged; PDF created; Run via form trigger as jeongjinung4@gmail.com; Timestamp: Aug 13, 2026 7:25 PM | AA35: SENT | AB35: 46248.358
A36: 테스트 | B36: 1 | C36: 1 | D36: enrud1103@naver.com | E36: 야전·실무형(R) | F36: 귀하의 진로적성검사 결과를 종합하면 야전·실무형(R) 성향이 두드러지며, 이는 장비 운용과 현장 중심의 임무 수행에서 강점을 보이는 전형적인 야전형 장교로 성장할 가능성을 의미합니다. 이러한 성향은 군 환경에서 전투장비 운용과 유지관리, 전술적 운용, 병력 통제 등 실제 전투력과 직결되는 분야에서 특히 중요한 역할을 하며, 전투장비를 운용하는 보병(기보)·포병·기갑·방공·육군항공과 같은 전투임무 위주 병과뿐 아니라 공병, 정보통신,화학 등 기술 기반 병과에서도 높은 적합성을 보입니다. 전투병과 특기 선택시는 작전, 군수, 획득분야가 가장 적합합니다. 또한 군수, 병기, 병참, 수송 분야에서도 장비 관리와 운용 능력을 효과적으로 발휘할 수 있습니다. 전문인력 분야로는 통신·공병 등 기술 전문 분야나 무기체계 획득 및 관리와 같은 획득 전문 영역, 장비 중심 연구개발 분야에서도 발전 가능성이 큽니다. 현실형 장교는 전투 및 훈련 상황에서 빠르고 정확한 판단과 실행력을 바탕으로 가시적인 성과를 창출하며, 부하들에게 신뢰를 주는 장점이 있습니다. 다만 단기적 실행에 집중하는 경향으로 인해 장기적 안목 형성과 체계적인 기획 능력, 세밀한 의사소통, 유연한 상황 대응 및 병사 개개인에 대한 심리적 관리 측면에서는 보완이 필요합니다. 따라서 리더형(E, 리더십)이나 행정관리형(C, 정확한 업무수행) 성향을 함께 강화한다면 더욱 높은 성과를 기대할 수 있습니다. | G36: 36 | H36: 36 | I36: 36 | J36: 36 | K36: 36 | L36: 36 | U36: 1R5oaXZE5pJqUYPhwmhyJlYt_kShIYPoC | V36: https://drive.google.com/file/d/1R5oaXZE5pJqUYPhwmhyJlYt_kShIYPoC/view?usp=drivesdk | W36: =HYPERLINK("https://drive.google.com/file/d/1R5oaXZE5pJqUYPhwmhyJlYt_kShIYPoC/view?usp=drivesdk","테스트_진로적성검사_2026") -> 테스트_진로적성검사_2026 | X36: Document successfully created; Document successfully merged; PDF created; Run via form trigger as jeongjinung4@gmail.com; Timestamp: Aug 13, 2026 8:22 PM | AA36: SENT | AB36: 46248.398
A37: 김지욱 | B37: 2025 | C37: INFJ | D37: rlawldnr2166@gmail.com | E37: 야전·실무형(R) | F37: 귀하의 진로적성검사 결과를 종합하면 야전·실무형(R) 성향이 두드러지며, 이는 장비 운용과 현장 중심의 임무 수행에서 강점을 보이는 전형적인 야전형 장교로 성장할 가능성을 의미합니다. 이러한 성향은 군 환경에서 전투장비 운용과 유지관리, 전술적 운용, 병력 통제 등 실제 전투력과 직결되는 분야에서 특히 중요한 역할을 하며, 전투장비를 운용하는 보병(기보)·포병·기갑·방공·육군항공과 같은 전투임무 위주 병과뿐 아니라 공병, 정보통신,화학 등 기술 기반 병과에서도 높은 적합성을 보입니다. 전투병과 특기 선택시는 작전, 군수, 획득분야가 가장 적합합니다. 또한 군수, 병기, 병참, 수송 분야에서도 장비 관리와 운용 능력을 효과적으로 발휘할 수 있습니다. 전문인력 분야로는 통신·공병 등 기술 전문 분야나 무기체계 획득 및 관리와 같은 획득 전문 영역, 장비 중심 연구개발 분야에서도 발전 가능성이 큽니다. 현실형 장교는 전투 및 훈련 상황에서 빠르고 정확한 판단과 실행력을 바탕으로 가시적인 성과를 창출하며, 부하들에게 신뢰를 주는 장점이 있습니다. 다만 단기적 실행에 집중하는 경향으로 인해 장기적 안목 형성과 체계적인 기획 능력, 세밀한 의사소통, 유연한 상황 대응 및 병사 개개인에 대한 심리적 관리 측면에서는 보완이 필요합니다. 따라서 리더형(E, 리더십)이나 행정관리형(C, 정확한 업무수행) 성향을 함께 강화한다면 더욱 높은 성과를 기대할 수 있습니다. | G37: 36 | H37: 36 | I37: 36 | J37: 36 | K37: 36 | L37: 36 | U37: 1B_cw2WKu-MEiNkA8ShIp0eeCEi51KSQx | V37: https://drive.google.com/file/d/1B_cw2WKu-MEiNkA8ShIp0eeCEi51KSQx/view?usp=drivesdk | W37: =HYPERLINK("https://drive.google.com/file/d/1B_cw2WKu-MEiNkA8ShIp0eeCEi51KSQx/view?usp=drivesdk","김지욱_진로적성검사_2026") -> 김지욱_진로적성검사_2026 | X37: Document successfully created; Document successfully merged; PDF created; Run via form trigger as jeongjinung4@gmail.com; Timestamp: Aug 13, 2026 8:41 PM | AA37: SENT | AB37: 46248.404
A38: 김지욱 | B38: 2025 | C38: INFJ | D38: rlawldnr2166@gmail.com | E38: 야전·실무형(R) | F38: 귀하의 진로적성검사 결과를 종합하면 야전·실무형(R) 성향이 두드러지며, 이는 장비 운용과 현장 중심의 임무 수행에서 강점을 보이는 전형적인 야전형 장교로 성장할 가능성을 의미합니다. 이러한 성향은 군 환경에서 전투장비 운용과 유지관리, 전술적 운용, 병력 통제 등 실제 전투력과 직결되는 분야에서 특히 중요한 역할을 하며, 전투장비를 운용하는 보병(기보)·포병·기갑·방공·육군항공과 같은 전투임무 위주 병과뿐 아니라 공병, 정보통신,화학 등 기술 기반 병과에서도 높은 적합성을 보입니다. 전투병과 특기 선택시는 작전, 군수, 획득분야가 가장 적합합니다. 또한 군수, 병기, 병참, 수송 분야에서도 장비 관리와 운용 능력을 효과적으로 발휘할 수 있습니다. 전문인력 분야로는 통신·공병 등 기술 전문 분야나 무기체계 획득 및 관리와 같은 획득 전문 영역, 장비 중심 연구개발 분야에서도 발전 가능성이 큽니다. 현실형 장교는 전투 및 훈련 상황에서 빠르고 정확한 판단과 실행력을 바탕으로 가시적인 성과를 창출하며, 부하들에게 신뢰를 주는 장점이 있습니다. 다만 단기적 실행에 집중하는 경향으로 인해 장기적 안목 형성과 체계적인 기획 능력, 세밀한 의사소통, 유연한 상황 대응 및 병사 개개인에 대한 심리적 관리 측면에서는 보완이 필요합니다. 따라서 리더형(E, 리더십)이나 행정관리형(C, 정확한 업무수행) 성향을 함께 강화한다면 더욱 높은 성과를 기대할 수 있습니다. | G38: 36 | H38: 36 | I38: 36 | J38: 36 | K38: 36 | L38: 36 | U38: 12gbaaOEkPRbbHt9CgGu6Sf2CE2L-YXDj | V38: https://drive.google.com/file/d/12gbaaOEkPRbbHt9CgGu6Sf2CE2L-YXDj/view?usp=drivesdk | W38: =HYPERLINK("https://drive.google.com/file/d/12gbaaOEkPRbbHt9CgGu6Sf2CE2L-YXDj/view?usp=drivesdk","김지욱_진로적성검사_2026") -> 김지욱_진로적성검사_2026 | X38: Document successfully created; Document successfully merged; PDF created; Run via form trigger as jeongjinung4@gmail.com; Timestamp: Aug 13, 2026 8:41 PM | AA38: SENT | AB38: 46248.404
A39: 양지현 | B39: 2022 | C39: ENTJ | D39: ary0423@gmail.com | E39: 리더형(E) | F39: 귀하의 검사 결과, 리더형(E) 성향이 강하게 나타났습니다. 리더십과 의사결정 능력(협의, 조정)이 뛰어나며, 조직을 이끌고 목표를 달성하는 데 강점을 가진 유형입니다. 또한 이 유형은 상황을 빠르게 파악하고 방향을 설정하여 조직을 이끄는 능력이 뛰어나며, 부하들을 동기부여하고 목표 달성을 위해 자원을 효과적으로 배분하는 데 능숙합니다. 군에서는 이러한 성향이 지휘관 역할과 직결됩니다. 귀하에게는 보병, 포병, 기갑 등 모든 전투 병과에서의 전투부대 지휘 역할에 적합하여 조직 관리 능력을 발휘할 수 있습니다. 전문인력 분야에서는 정책전문, 국제전문(무관 등), 획득전문(방위사업 관련) 분야가 적합합니다. 향후에는 단순한 리더십을 넘어 전문성과 현장 이해를 함께 갖추는 것이 중요합니다. 야전·실무형(R,현장감각)이나 관계형(S,대인관계) 성향을 보완한다면 더욱 균형 잡힌 지휘관으로 성장할 수 있습니다. 또한 전투병과 장교는 지휘관과 참모직위를 모두 이수해야 하므로 참모로서의 섬세함과 업무관리 능력을 함양해야 한다. | G39: 41 | H39: 53 | I39: 43 | J39: 56 | K39: 58 | L39: 56 | U39: 1G-T5pGyNLuYZRrpsIAB0lVdThmOQ5Pdz | V39: https://drive.google.com/file/d/1G-T5pGyNLuYZRrpsIAB0lVdThmOQ5Pdz/view?usp=drivesdk | W39: =HYPERLINK("https://drive.google.com/file/d/1G-T5pGyNLuYZRrpsIAB0lVdThmOQ5Pdz/view?usp=drivesdk","양지현_진로적성검사_2026") -> 양지현_진로적성검사_2026 | X39: Document successfully created; Document successfully merged; PDF created; Run via form trigger as jeongjinung4@gmail.com; Timestamp: Aug 13, 2026 8:41 PM | AA39: SENT | AB39: 46248.404
A40: 홍서희 | B40: 2025 | C40: ISTJ | D40: sally770312@gmail.com | E40: 행정·관리형(C) | F40: 귀하의 진로적성검사 결과, 행정·관리형(C) 성향이 중심적으로 나타났습니다. 체계적인 관리와 정확한 업무 수행에 강점을 가진 유형으로, 군 조직의 안정적 운영을 유지하는 데 필수적인 역할을 담당합니다. 귀하에게는 인사행정, 재정, 군수, 병참, 병기, 군사경찰, 법무 분야가 적합합니다. 전문인력 분야에서는 정책전문(행정 및 제도, 인력운영), 획득전문(방산 계약 및 관리), 기술전문(체계 운영), 특수전문(국방분석) 분야가 적합합니다. 향후에는 정확성과 함께 상황 대응 능력을 함께 강화하는 것이 중요합니다. 야전·실무형(R, 현장감각, 창의적 사고 및 표현) 또는 기술·분석형(I, 분석능력) 성향을 보완하면 보다 실무 중심의 경쟁력을 갖출 수 있습니다. 위에서 추천드린 기술병과, 행정병과(군사경찰)는 지휘관 직위를 필수로 이수해야 하므로 현장 감각을 유지하며 리더십 함양에도 힘써야 합니다. | G40: 32 | H40: 31 | I40: 32 | J40: 41 | K40: 40 | L40: 42 | U40: 1YRByEbm3uRjfKbOztBWKgz7ku_rCqmR3 | V40: https://drive.google.com/file/d/1YRByEbm3uRjfKbOztBWKgz7ku_rCqmR3/view?usp=drivesdk | W40: =HYPERLINK("https://drive.google.com/file/d/1YRByEbm3uRjfKbOztBWKgz7ku_rCqmR3/view?usp=drivesdk","홍서희_진로적성검사_2026") -> 홍서희_진로적성검사_2026 | X40: Document successfully created; Document successfully merged; PDF created; Run via form trigger as jeongjinung4@gmail.com; Timestamp: Aug 13, 2026 8:41 PM | AA40: SENT | AB40: 46248.404
A41: 문경록 | B41: 2026 | C41: INTP | D41: msa602568@naver.com | E41: 관계형(S) | F41: 귀하의 검사 결과, 관계형(S) 성향이 중심적으로 나타났습니다. 사람을 이해하고 돕는 데 강점을 가진 유형으로, 조직 내 안정과 협력을 이끄는 중요한 역할을 수행합니다. 귀하에게는 전투병과(인사특기, 작전특기), 인사행정, 정훈, 군의, 의정, 간호 분야가 적합하여, 대인관계 중심 역할에서 역량을 발휘할 수 있습니다. 전문인력 분야에서는 정책전문(교육, 복지 및 인사 정책), 국제전문(협력 및 교류), 교육·교수 중심의 특수전문 분야가 적합합니다. 향후에는 조직 운영 능력을 강화하는 것이 중요합니다. 야전·실무형(R, 병력 및 장비운용)과 리더형(E,리더십) 성향을 함께 발전시키면 지휘 및 관리 역할에서도 큰 강점을 발휘할 수 있습니다. 위에서 추천드린 전투병과(인사특기, 작전특기)는 지휘관 직위를 필수로 이수해야 하므로 야전부대 현장 감각을 유지하며 리더십 함양에도 힘써야 합니다. | G41: 40 | H41: 39 | I41: 47 | J41: 56 | K41: 54 | L41: 48 | U41: 1fYNn5Zz8uXKoH0n_mVjCxBLuKF8D_wbJ | V41: https://drive.google.com/file/d/1fYNn5Zz8uXKoH0n_mVjCxBLuKF8D_wbJ/view?usp=drivesdk | W41: =HYPERLINK("https://drive.google.com/file/d/1fYNn5Zz8uXKoH0n_mVjCxBLuKF8D_wbJ/view?usp=drivesdk","문경록_진로적성검사_2026") -> 문경록_진로적성검사_2026 | X41: Document successfully created; Document successfully merged; PDF created; Run via form trigger as jeongjinung4@gmail.com; Timestamp: Aug 13, 2026 8:41 PM | AA41: SENT | AB41: 46248.404
A42: 이승주 | B42: 2024 | C42: I | D42: leesj99991004@gmail.com | E42: 관계형(S) | F42: 귀하의 검사 결과, 관계형(S) 성향이 중심적으로 나타났습니다. 사람을 이해하고 돕는 데 강점을 가진 유형으로, 조직 내 안정과 협력을 이끄는 중요한 역할을 수행합니다. 귀하에게는 전투병과(인사특기, 작전특기), 인사행정, 정훈, 군의, 의정, 간호 분야가 적합하여, 대인관계 중심 역할에서 역량을 발휘할 수 있습니다. 전문인력 분야에서는 정책전문(교육, 복지 및 인사 정책), 국제전문(협력 및 교류), 교육·교수 중심의 특수전문 분야가 적합합니다. 향후에는 조직 운영 능력을 강화하는 것이 중요합니다. 야전·실무형(R, 병력 및 장비운용)과 리더형(E,리더십) 성향을 함께 발전시키면 지휘 및 관리 역할에서도 큰 강점을 발휘할 수 있습니다. 위에서 추천드린 전투병과(인사특기, 작전특기)는 지휘관 직위를 필수로 이수해야 하므로 야전부대 현장 감각을 유지하며 리더십 함양에도 힘써야 합니다. | G42: 39 | H42: 41 | I42: 44 | J42: 46 | K42: 45 | L42: 43 | U42: 1iCEcL1l8bPoLn8VpWouV_FHCbYbNntgR | V42: https://drive.google.com/file/d/1iCEcL1l8bPoLn8VpWouV_FHCbYbNntgR/view?usp=drivesdk | W42: =HYPERLINK("https://drive.google.com/file/d/1iCEcL1l8bPoLn8VpWouV_FHCbYbNntgR/view?usp=drivesdk","이승주_진로적성검사_2026") -> 이승주_진로적성검사_2026 | X42: Document successfully created; Document successfully merged; PDF created; Run via form trigger as jeongjinung4@gmail.com; Timestamp: Aug 13, 2026 8:42 PM | AA42: SENT | AB42: 46248.404
A43: 유민서 | B43: 2022 학군사관60 | C43: ISTP | D43: minseo_1020@naver.con | E43: 행정·관리형(C) | F43: 귀하의 진로적성검사 결과, 행정·관리형(C) 성향이 중심적으로 나타났습니다. 체계적인 관리와 정확한 업무 수행에 강점을 가진 유형으로, 군 조직의 안정적 운영을 유지하는 데 필수적인 역할을 담당합니다. 귀하에게는 인사행정, 재정, 군수, 병참, 병기, 군사경찰, 법무 분야가 적합합니다. 전문인력 분야에서는 정책전문(행정 및 제도, 인력운영), 획득전문(방산 계약 및 관리), 기술전문(체계 운영), 특수전문(국방분석) 분야가 적합합니다. 향후에는 정확성과 함께 상황 대응 능력을 함께 강화하는 것이 중요합니다. 야전·실무형(R, 현장감각, 창의적 사고 및 표현) 또는 기술·분석형(I, 분석능력) 성향을 보완하면 보다 실무 중심의 경쟁력을 갖출 수 있습니다. 위에서 추천드린 기술병과, 행정병과(군사경찰)는 지휘관 직위를 필수로 이수해야 하므로 현장 감각을 유지하며 리더십 함양에도 힘써야 합니다. | G43: 46 | H43: 48 | I43: 48 | J43: 49 | K43: 41 | L43: 55 | U43: 18kRtuVhAq3eiIg1uQONJOB7MlFeKLELp | V43: https://drive.google.com/file/d/18kRtuVhAq3eiIg1uQONJOB7MlFeKLELp/view?usp=drivesdk | W43: =HYPERLINK("https://drive.google.com/file/d/18kRtuVhAq3eiIg1uQONJOB7MlFeKLELp/view?usp=drivesdk","유민서_진로적성검사_2026") -> 유민서_진로적성검사_2026 | X43: Document successfully created; Document successfully merged; PDF created; Run via form trigger as jeongjinung4@gmail.com; Timestamp: Aug 13, 2026 8:42 PM | AA43: SENT | AB43: 46248.404
A44: 유민기 | B44: 2025 | C44: INFJ | D44: yumk0620@naver.com | E44: 창의형(A) | F44: 귀하의 진로적성검사 결과, 창의형(A) 성향이 높게 나타났습니다. 창의적인 표현과 방법, 새로운 아이디어를 통해 조직에 활력을 불어넣는 역할을 합니다. 군 조직에서는 이러한 성향이 장병 사기진작, 홍보, 심리전, 문화 활동 등에서 중요한 의미를 갖습니다. 귀하에게는 전투병과 인사특기,정훈병과가 적합하며, 인사근무 및 사기진작 활동, 영상 제작 및 콘텐츠 기획을 통한 군 홍보활동 등의 분야에서 강점을 발휘할 수 있습니다. 또한 인사행정이나 군사경찰 기능 중 일부 분야에서도 창의적 역할을 수행할 수 있습니다. 전문인력 분야에서는 정책전문(국방정책 홍보) 또는 국방홍보원 등의 미디어 분야로의 확장이 가능합니다. 군 조직 특성상 기본적인 규율과 체계 적응이 중요하므로, 행정관리형(C, 규율중시, 정확성)이나 관계형(S, 협업관계) 역량을 함께 보완한다면 보다 안정적인 성과를 낼 수 있습니다. 위에서 추천드린 전투병과(인사특기), 군사경찰 병과 역시 지휘관 직위를 필수로 이수해야 하므로 야전부대 현장 감각을 유지하고 의사소통 및 대인관계 형성과 같은 리더십을 함양에도 힘써야 합니다. | G44: 25 | H44: 28 | I44: 40 | J44: 36 | K44: 34 | L44: 37 | U44: 1jJW3GzppMY8cxLIhUqM5y3ikbzmFzKBz | V44: https://drive.google.com/file/d/1jJW3GzppMY8cxLIhUqM5y3ikbzmFzKBz/view?usp=drivesdk | W44: =HYPERLINK("https://drive.google.com/file/d/1jJW3GzppMY8cxLIhUqM5y3ikbzmFzKBz/view?usp=drivesdk","유민기_진로적성검사_2026") -> 유민기_진로적성검사_2026 | X44: Document successfully created; Document successfully merged; PDF created; Run via form trigger as jeongjinung4@gmail.com; Timestamp: Aug 13, 2026 8:42 PM | AA44: SENT | AB44: 46248.405
A45: 정형주 | B45: 2026 | C45: INFP | D45: jeonghyoengju@gmail.com | E45: 관계형(S) | F45: 귀하의 검사 결과, 관계형(S) 성향이 중심적으로 나타났습니다. 사람을 이해하고 돕는 데 강점을 가진 유형으로, 조직 내 안정과 협력을 이끄는 중요한 역할을 수행합니다. 귀하에게는 전투병과(인사특기, 작전특기), 인사행정, 정훈, 군의, 의정, 간호 분야가 적합하여, 대인관계 중심 역할에서 역량을 발휘할 수 있습니다. 전문인력 분야에서는 정책전문(교육, 복지 및 인사 정책), 국제전문(협력 및 교류), 교육·교수 중심의 특수전문 분야가 적합합니다. 향후에는 조직 운영 능력을 강화하는 것이 중요합니다. 야전·실무형(R, 병력 및 장비운용)과 리더형(E,리더십) 성향을 함께 발전시키면 지휘 및 관리 역할에서도 큰 강점을 발휘할 수 있습니다. 위에서 추천드린 전투병과(인사특기, 작전특기)는 지휘관 직위를 필수로 이수해야 하므로 야전부대 현장 감각을 유지하며 리더십 함양에도 힘써야 합니다. | G45: 46 | H45: 51 | I45: 52 | J45: 53 | K45: 51 | L45: 49 | U45: 1AYgYSuTrHSjdKwnzPOhblZhQPpsTc0XI | V45: https://drive.google.com/file/d/1AYgYSuTrHSjdKwnzPOhblZhQPpsTc0XI/view?usp=drivesdk | W45: =HYPERLINK("https://drive.google.com/file/d/1AYgYSuTrHSjdKwnzPOhblZhQPpsTc0XI/view?usp=drivesdk","정형주_진로적성검사_2026") -> 정형주_진로적성검사_2026 | X45: Document successfully created; Document successfully merged; PDF created; Run via form trigger as jeongjinung4@gmail.com; Timestamp: Aug 13, 2026 8:42 PM | AA45: SENT | AB45: 46248.405
A46: 김정민 | B46: 2026 | C46: ENFJ | D46: kimddang0212@naver.com | E46: 관계형(S) | F46: 귀하의 검사 결과, 관계형(S) 성향이 중심적으로 나타났습니다. 사람을 이해하고 돕는 데 강점을 가진 유형으로, 조직 내 안정과 협력을 이끄는 중요한 역할을 수행합니다. 귀하에게는 전투병과(인사특기, 작전특기), 인사행정, 정훈, 군의, 의정, 간호 분야가 적합하여, 대인관계 중심 역할에서 역량을 발휘할 수 있습니다. 전문인력 분야에서는 정책전문(교육, 복지 및 인사 정책), 국제전문(협력 및 교류), 교육·교수 중심의 특수전문 분야가 적합합니다. 향후에는 조직 운영 능력을 강화하는 것이 중요합니다. 야전·실무형(R, 병력 및 장비운용)과 리더형(E,리더십) 성향을 함께 발전시키면 지휘 및 관리 역할에서도 큰 강점을 발휘할 수 있습니다. 위에서 추천드린 전투병과(인사특기, 작전특기)는 지휘관 직위를 필수로 이수해야 하므로 야전부대 현장 감각을 유지하며 리더십 함양에도 힘써야 합니다. | G46: 27 | H46: 39 | I46: 49 | J46: 56 | K46: 53 | L46: 39 | U46: 12zKcB9A19mY-Juqyt-PrZRbZ69Jm4Aa2 | V46: https://drive.google.com/file/d/12zKcB9A19mY-Juqyt-PrZRbZ69Jm4Aa2/view?usp=drivesdk | W46: =HYPERLINK("https://drive.google.com/file/d/12zKcB9A19mY-Juqyt-PrZRbZ69Jm4Aa2/view?usp=drivesdk","김정민_진로적성검사_2026") -> 김정민_진로적성검사_2026 | X46: Document successfully created; Document successfully merged; PDF created; Run via form trigger as jeongjinung4@gmail.com; Timestamp: Aug 13, 2026 8:42 PM | AA46: SENT | AB46: 46248.405
A47: 김원우 | B47: 2026 | C47: ENFP | D47: kimwonwoo2003@naver.com | E47: 리더형(E) | F47: 귀하의 검사 결과, 리더형(E) 성향이 강하게 나타났습니다. 리더십과 의사결정 능력(협의, 조정)이 뛰어나며, 조직을 이끌고 목표를 달성하는 데 강점을 가진 유형입니다. 또한 이 유형은 상황을 빠르게 파악하고 방향을 설정하여 조직을 이끄는 능력이 뛰어나며, 부하들을 동기부여하고 목표 달성을 위해 자원을 효과적으로 배분하는 데 능숙합니다. 군에서는 이러한 성향이 지휘관 역할과 직결됩니다. 귀하에게는 보병, 포병, 기갑 등 모든 전투 병과에서의 전투부대 지휘 역할에 적합하여 조직 관리 능력을 발휘할 수 있습니다. 전문인력 분야에서는 정책전문, 국제전문(무관 등), 획득전문(방위사업 관련) 분야가 적합합니다. 향후에는 단순한 리더십을 넘어 전문성과 현장 이해를 함께 갖추는 것이 중요합니다. 야전·실무형(R,현장감각)이나 관계형(S,대인관계) 성향을 보완한다면 더욱 균형 잡힌 지휘관으로 성장할 수 있습니다. 또한 전투병과 장교는 지휘관과 참모직위를 모두 이수해야 하므로 참모로서의 섬세함과 업무관리 능력을 함양해야 한다. | G47: 34 | H47: 33 | I47: 48 | J47: 55 | K47: 58 | L47: 47 | U47: 1vzqspvPNnc9q1E1VZabp08z7XEVuwVWB | V47: https://drive.google.com/file/d/1vzqspvPNnc9q1E1VZabp08z7XEVuwVWB/view?usp=drivesdk | W47: =HYPERLINK("https://drive.google.com/file/d/1vzqspvPNnc9q1E1VZabp08z7XEVuwVWB/view?usp=drivesdk","김원우_진로적성검사_2026") -> 김원우_진로적성검사_2026 | X47: Document successfully created; Document successfully merged; PDF created; Run via form trigger as jeongjinung4@gmail.com; Timestamp: Aug 13, 2026 8:42 PM | AA47: SENT | AB47: 46248.405
A48: 티모대위 | B48: 25 | C48: Enfp | D48: 2000aaron0002@gmail.com | E48: 기술·분석형(I) | F48: 귀하의 검사 결과, 기술·분석형(I) 성향이 중심적으로 나타났습니다. 분석적 사고와 문제 해결 능력이 뛰어나며, 복잡한 시스템과 정보를 이해하고 활용하는 데 강점을 지닌 유형입니다. 군에서는 이러한 능력이 정보전, 기술전, 미래전 수행에 핵심적으로 활용됩니다. 귀하에게는 정보, 정보통신, 화학 병과 등이 특히 적합하며, 기술적 분석이 요구되는 공병 및 항공 분야에서도 역량을 발휘할 수 있습니다. 전문인력 분야에서는 사이버, 연구개발, 국방분석 등 특수전문 영역이 적합하며, 정책전문이나 국제전문 분야에서도 분석 기반 의사결정 능력을 활용할 수 있습니다. 향후에는 기술적 이해뿐 아니라 야전에서 실제 적용 능력을 함께 강화하는 것이 중요합니다. 야전·실무형(R, 현장감각)이나 행정관리형(C, 체계적 업무수행) 성향을 보완한다면 실무와 분석을 겸비한 핵심 인재로 성장할 수 있습니다. 그러나 현상 분석에 집중하는 경향으로 인해 의사결정이 지연되거나 실행력이 부족해질 수 있음을 유의해야 합니다. 위에서 추천드린 병과 역시 지휘관 직위를 필수로 이수해야 하므로 야전부대 현장 감각을 유지하고 의사소통 및 대인관계 형성과 같은 리더십을 함양에도 힘써야 합니다. | G48: 58 | H48: 60 | I48: 60 | J48: 60 | K48: 58 | L48: 59 | U48: 146Ca1uAgz86O48-JSvsJn-KEj40yf-uM | V48: https://drive.google.com/file/d/146Ca1uAgz86O48-JSvsJn-KEj40yf-uM/view?usp=drivesdk | W48: =HYPERLINK("https://drive.google.com/file/d/146Ca1uAgz86O48-JSvsJn-KEj40yf-uM/view?usp=drivesdk","티모대위_진로적성검사_2026") -> 티모대위_진로적성검사_2026 | X48: Document successfully created; Document successfully merged; PDF created; Run via form trigger as jeongjinung4@gmail.com; Timestamp: Aug 13, 2026 8:42 PM | AA48: SENT | AB48: 46248.405
A49: 문종민 | B49: 2025 | C49: INFP | D49: mjm7784@naver.com | E49: 관계형(S) | F49: 귀하의 검사 결과, 관계형(S) 성향이 중심적으로 나타났습니다. 사람을 이해하고 돕는 데 강점을 가진 유형으로, 조직 내 안정과 협력을 이끄는 중요한 역할을 수행합니다. 귀하에게는 전투병과(인사특기, 작전특기), 인사행정, 정훈, 군의, 의정, 간호 분야가 적합하여, 대인관계 중심 역할에서 역량을 발휘할 수 있습니다. 전문인력 분야에서는 정책전문(교육, 복지 및 인사 정책), 국제전문(협력 및 교류), 교육·교수 중심의 특수전문 분야가 적합합니다. 향후에는 조직 운영 능력을 강화하는 것이 중요합니다. 야전·실무형(R, 병력 및 장비운용)과 리더형(E,리더십) 성향을 함께 발전시키면 지휘 및 관리 역할에서도 큰 강점을 발휘할 수 있습니다. 위에서 추천드린 전투병과(인사특기, 작전특기)는 지휘관 직위를 필수로 이수해야 하므로 야전부대 현장 감각을 유지하며 리더십 함양에도 힘써야 합니다. | G49: 24 | H49: 21 | I49: 29 | J49: 43 | K49: 35 | L49: 23 | U49: 18pFdGSorSzuwGHovSTXuXQuah26klDMI | V49: https://drive.google.com/file/d/18pFdGSorSzuwGHovSTXuXQuah26klDMI/view?usp=drivesdk | W49: =HYPERLINK("https://drive.google.com/file/d/18pFdGSorSzuwGHovSTXuXQuah26klDMI/view?usp=drivesdk","문종민_진로적성검사_2026") -> 문종민_진로적성검사_2026 | X49: Document successfully created; Document successfully merged; PDF created; Run via form trigger as jeongjinung4@gmail.com; Timestamp: Aug 13, 2026 8:42 PM | AA49: SENT | AB49: 46248.405
A50: 이철규 | B50: 2022 | C50: INTP | D50: jka0528@naver.com | E50: 관계형(S) | F50: 귀하의 검사 결과, 관계형(S) 성향이 중심적으로 나타났습니다. 사람을 이해하고 돕는 데 강점을 가진 유형으로, 조직 내 안정과 협력을 이끄는 중요한 역할을 수행합니다. 귀하에게는 전투병과(인사특기, 작전특기), 인사행정, 정훈, 군의, 의정, 간호 분야가 적합하여, 대인관계 중심 역할에서 역량을 발휘할 수 있습니다. 전문인력 분야에서는 정책전문(교육, 복지 및 인사 정책), 국제전문(협력 및 교류), 교육·교수 중심의 특수전문 분야가 적합합니다. 향후에는 조직 운영 능력을 강화하는 것이 중요합니다. 야전·실무형(R, 병력 및 장비운용)과 리더형(E,리더십) 성향을 함께 발전시키면 지휘 및 관리 역할에서도 큰 강점을 발휘할 수 있습니다. 위에서 추천드린 전투병과(인사특기, 작전특기)는 지휘관 직위를 필수로 이수해야 하므로 야전부대 현장 감각을 유지하며 리더십 함양에도 힘써야 합니다. | G50: 46 | H50: 48 | I50: 35 | J50: 56 | K50: 51 | L50: 44 | U50: 13ZhAoMf-slAB8MozQ1OKBZT_G3_h9gUr | V50: https://drive.google.com/file/d/13ZhAoMf-slAB8MozQ1OKBZT_G3_h9gUr/view?usp=drivesdk | W50: =HYPERLINK("https://drive.google.com/file/d/13ZhAoMf-slAB8MozQ1OKBZT_G3_h9gUr/view?usp=drivesdk","이철규_진로적성검사_2026") -> 이철규_진로적성검사_2026 | X50: Document successfully created; Document successfully merged; PDF created; Run via form trigger as jeongjinung4@gmail.com; Timestamp: Aug 13, 2026 8:42 PM | AA50: SENT | AB50: 46248.405
A51: 김준모 | B51: 2024 | C51: istp | D51: kjm095400@naver.com | E51: 리더형(E) | F51: 귀하의 검사 결과, 리더형(E) 성향이 강하게 나타났습니다. 리더십과 의사결정 능력(협의, 조정)이 뛰어나며, 조직을 이끌고 목표를 달성하는 데 강점을 가진 유형입니다. 또한 이 유형은 상황을 빠르게 파악하고 방향을 설정하여 조직을 이끄는 능력이 뛰어나며, 부하들을 동기부여하고 목표 달성을 위해 자원을 효과적으로 배분하는 데 능숙합니다. 군에서는 이러한 성향이 지휘관 역할과 직결됩니다. 귀하에게는 보병, 포병, 기갑 등 모든 전투 병과에서의 전투부대 지휘 역할에 적합하여 조직 관리 능력을 발휘할 수 있습니다. 전문인력 분야에서는 정책전문, 국제전문(무관 등), 획득전문(방위사업 관련) 분야가 적합합니다. 향후에는 단순한 리더십을 넘어 전문성과 현장 이해를 함께 갖추는 것이 중요합니다. 야전·실무형(R,현장감각)이나 관계형(S,대인관계) 성향을 보완한다면 더욱 균형 잡힌 지휘관으로 성장할 수 있습니다. 또한 전투병과 장교는 지휘관과 참모직위를 모두 이수해야 하므로 참모로서의 섬세함과 업무관리 능력을 함양해야 한다. | G51: 44 | H51: 34 | I51: 32 | J51: 47 | K51: 54 | L51: 49 | U51: 1tRonc2lpIc78vHDUGsRSqgewFgr-f-JH | V51: https://drive.google.com/file/d/1tRonc2lpIc78vHDUGsRSqgewFgr-f-JH/view?usp=drivesdk | W51: =HYPERLINK("https://drive.google.com/file/d/1tRonc2lpIc78vHDUGsRSqgewFgr-f-JH/view?usp=drivesdk","김준모_진로적성검사_2026") -> 김준모_진로적성검사_2026 | X51: Document successfully created; Document successfully merged; PDF created; Run via form trigger as jeongjinung4@gmail.com; Timestamp: Aug 13, 2026 8:42 PM | AA51: SENT | AB51: 46248.405
A52: 김성원 | B52: 2024 | C52: INFJ | D52: kimseong01@naver.com | E52: 행정·관리형(C) | F52: 귀하의 진로적성검사 결과, 행정·관리형(C) 성향이 중심적으로 나타났습니다. 체계적인 관리와 정확한 업무 수행에 강점을 가진 유형으로, 군 조직의 안정적 운영을 유지하는 데 필수적인 역할을 담당합니다. 귀하에게는 인사행정, 재정, 군수, 병참, 병기, 군사경찰, 법무 분야가 적합합니다. 전문인력 분야에서는 정책전문(행정 및 제도, 인력운영), 획득전문(방산 계약 및 관리), 기술전문(체계 운영), 특수전문(국방분석) 분야가 적합합니다. 향후에는 정확성과 함께 상황 대응 능력을 함께 강화하는 것이 중요합니다. 야전·실무형(R, 현장감각, 창의적 사고 및 표현) 또는 기술·분석형(I, 분석능력) 성향을 보완하면 보다 실무 중심의 경쟁력을 갖출 수 있습니다. 위에서 추천드린 기술병과, 행정병과(군사경찰)는 지휘관 직위를 필수로 이수해야 하므로 현장 감각을 유지하며 리더십 함양에도 힘써야 합니다. | G52: 46 | H52: 41 | I52: 33 | J52: 45 | K52: 43 | L52: 48 | U52: 1ctlRUPKa0xbWsj87Bekl9N8V-UfIA0af | V52: https://drive.google.com/file/d/1ctlRUPKa0xbWsj87Bekl9N8V-UfIA0af/view?usp=drivesdk | W52: =HYPERLINK("https://drive.google.com/file/d/1ctlRUPKa0xbWsj87Bekl9N8V-UfIA0af/view?usp=drivesdk","김성원_진로적성검사_2026") -> 김성원_진로적성검사_2026 | X52: Document successfully created; Document successfully merged; PDF created; Run via form trigger as jeongjinung4@gmail.com; Timestamp: Aug 13, 2026 8:42 PM | AA52: SENT | AB52: 46248.405
A53: 이태준 | B53: 2024 | C53: ISTP | D53: l223322@naver.com | E53: 관계형(S) | F53: 귀하의 검사 결과, 관계형(S) 성향이 중심적으로 나타났습니다. 사람을 이해하고 돕는 데 강점을 가진 유형으로, 조직 내 안정과 협력을 이끄는 중요한 역할을 수행합니다. 귀하에게는 전투병과(인사특기, 작전특기), 인사행정, 정훈, 군의, 의정, 간호 분야가 적합하여, 대인관계 중심 역할에서 역량을 발휘할 수 있습니다. 전문인력 분야에서는 정책전문(교육, 복지 및 인사 정책), 국제전문(협력 및 교류), 교육·교수 중심의 특수전문 분야가 적합합니다. 향후에는 조직 운영 능력을 강화하는 것이 중요합니다. 야전·실무형(R, 병력 및 장비운용)과 리더형(E,리더십) 성향을 함께 발전시키면 지휘 및 관리 역할에서도 큰 강점을 발휘할 수 있습니다. 위에서 추천드린 전투병과(인사특기, 작전특기)는 지휘관 직위를 필수로 이수해야 하므로 야전부대 현장 감각을 유지하며 리더십 함양에도 힘써야 합니다. | G53: 39 | H53: 35 | I53: 35 | J53: 46 | K53: 46 | L53: 45 | U53: 1LlOe1fbRPP1FcVsQGChuyjClTIqm4cTd | V53: https://drive.google.com/file/d/1LlOe1fbRPP1FcVsQGChuyjClTIqm4cTd/view?usp=drivesdk | W53: =HYPERLINK("https://drive.google.com/file/d/1LlOe1fbRPP1FcVsQGChuyjClTIqm4cTd/view?usp=drivesdk","이태준_진로적성검사_2026") -> 이태준_진로적성검사_2026 | X53: Document successfully created; Document successfully merged; PDF created; Run via form trigger as jeongjinung4@gmail.com; Timestamp: Aug 13, 2026 8:43 PM | AA53: SENT | AB53: 46248.405
A54: 이장엽 | B54: 2024 | C54: INFJ | D54: book3688@naver.com | E54: 관계형(S) | F54: 귀하의 검사 결과, 관계형(S) 성향이 중심적으로 나타났습니다. 사람을 이해하고 돕는 데 강점을 가진 유형으로, 조직 내 안정과 협력을 이끄는 중요한 역할을 수행합니다. 귀하에게는 전투병과(인사특기, 작전특기), 인사행정, 정훈, 군의, 의정, 간호 분야가 적합하여, 대인관계 중심 역할에서 역량을 발휘할 수 있습니다. 전문인력 분야에서는 정책전문(교육, 복지 및 인사 정책), 국제전문(협력 및 교류), 교육·교수 중심의 특수전문 분야가 적합합니다. 향후에는 조직 운영 능력을 강화하는 것이 중요합니다. 야전·실무형(R, 병력 및 장비운용)과 리더형(E,리더십) 성향을 함께 발전시키면 지휘 및 관리 역할에서도 큰 강점을 발휘할 수 있습니다. 위에서 추천드린 전투병과(인사특기, 작전특기)는 지휘관 직위를 필수로 이수해야 하므로 야전부대 현장 감각을 유지하며 리더십 함양에도 힘써야 합니다. | G54: 44 | H54: 43 | I54: 39 | J54: 52 | K54: 51 | L54: 47 | U54: 19WjIiff6r8K8D6DLeKJTDQcAutrwIRLk | V54: https://drive.google.com/file/d/19WjIiff6r8K8D6DLeKJTDQcAutrwIRLk/view?usp=drivesdk | W54: =HYPERLINK("https://drive.google.com/file/d/19WjIiff6r8K8D6DLeKJTDQcAutrwIRLk/view?usp=drivesdk","이장엽_진로적성검사_2026") -> 이장엽_진로적성검사_2026 | X54: Document successfully created; Document successfully merged; PDF created; Run via form trigger as jeongjinung4@gmail.com; Timestamp: Aug 13, 2026 8:43 PM | AA54: SENT | AB54: 46248.405
A55: 한재의 | B55: 2024 | C55: ISTJ | D55: jaeeui0403@naver.com | E55: 리더형(E) | F55: 귀하의 검사 결과, 리더형(E) 성향이 강하게 나타났습니다. 리더십과 의사결정 능력(협의, 조정)이 뛰어나며, 조직을 이끌고 목표를 달성하는 데 강점을 가진 유형입니다. 또한 이 유형은 상황을 빠르게 파악하고 방향을 설정하여 조직을 이끄는 능력이 뛰어나며, 부하들을 동기부여하고 목표 달성을 위해 자원을 효과적으로 배분하는 데 능숙합니다. 군에서는 이러한 성향이 지휘관 역할과 직결됩니다. 귀하에게는 보병, 포병, 기갑 등 모든 전투 병과에서의 전투부대 지휘 역할에 적합하여 조직 관리 능력을 발휘할 수 있습니다. 전문인력 분야에서는 정책전문, 국제전문(무관 등), 획득전문(방위사업 관련) 분야가 적합합니다. 향후에는 단순한 리더십을 넘어 전문성과 현장 이해를 함께 갖추는 것이 중요합니다. 야전·실무형(R,현장감각)이나 관계형(S,대인관계) 성향을 보완한다면 더욱 균형 잡힌 지휘관으로 성장할 수 있습니다. 또한 전투병과 장교는 지휘관과 참모직위를 모두 이수해야 하므로 참모로서의 섬세함과 업무관리 능력을 함양해야 한다. | G55: 46 | H55: 55 | I55: 49 | J55: 59 | K55: 60 | L55: 55 | U55: 1SkE8yJNgIF51gBrHkJiprvuwkW9Q579M | V55: https://drive.google.com/file/d/1SkE8yJNgIF51gBrHkJiprvuwkW9Q579M/view?usp=drivesdk | W55: =HYPERLINK("https://drive.google.com/file/d/1SkE8yJNgIF51gBrHkJiprvuwkW9Q579M/view?usp=drivesdk","한재의_진로적성검사_2026") -> 한재의_진로적성검사_2026 | X55: Document successfully created; Document successfully merged; PDF created; Run via form trigger as jeongjinung4@gmail.com; Timestamp: Aug 13, 2026 8:43 PM | AA55: SENT | AB55: 46248.405
A56: 이성욱 | B56: 2022 | C56: ISTP | D56: himrlee1999@naver.com | E56: 관계형(S) | F56: 귀하의 검사 결과, 관계형(S) 성향이 중심적으로 나타났습니다. 사람을 이해하고 돕는 데 강점을 가진 유형으로, 조직 내 안정과 협력을 이끄는 중요한 역할을 수행합니다. 귀하에게는 전투병과(인사특기, 작전특기), 인사행정, 정훈, 군의, 의정, 간호 분야가 적합하여, 대인관계 중심 역할에서 역량을 발휘할 수 있습니다. 전문인력 분야에서는 정책전문(교육, 복지 및 인사 정책), 국제전문(협력 및 교류), 교육·교수 중심의 특수전문 분야가 적합합니다. 향후에는 조직 운영 능력을 강화하는 것이 중요합니다. 야전·실무형(R, 병력 및 장비운용)과 리더형(E,리더십) 성향을 함께 발전시키면 지휘 및 관리 역할에서도 큰 강점을 발휘할 수 있습니다. 위에서 추천드린 전투병과(인사특기, 작전특기)는 지휘관 직위를 필수로 이수해야 하므로 야전부대 현장 감각을 유지하며 리더십 함양에도 힘써야 합니다. | G56: 42 | H56: 44 | I56: 30 | J56: 48 | K56: 43 | L56: 40 | U56: 140mysuaN_qCB_Sxb0l_h7xKGiEZejRGJ | V56: https://drive.google.com/file/d/140mysuaN_qCB_Sxb0l_h7xKGiEZejRGJ/view?usp=drivesdk | W56: =HYPERLINK("https://drive.google.com/file/d/140mysuaN_qCB_Sxb0l_h7xKGiEZejRGJ/view?usp=drivesdk","이성욱_진로적성검사_2026") -> 이성욱_진로적성검사_2026 | X56: Document successfully created; Document successfully merged; PDF created; Run via form trigger as jeongjinung4@gmail.com; Timestamp: Aug 13, 2026 8:43 PM | AA56: SENT | AB56: 46248.405
A57: 장민혁 | B57: 26.3.1 | C57: INFP | D57: mingur3114@naver.com | E57: 행정·관리형(C) | F57: 귀하의 진로적성검사 결과, 행정·관리형(C) 성향이 중심적으로 나타났습니다. 체계적인 관리와 정확한 업무 수행에 강점을 가진 유형으로, 군 조직의 안정적 운영을 유지하는 데 필수적인 역할을 담당합니다. 귀하에게는 인사행정, 재정, 군수, 병참, 병기, 군사경찰, 법무 분야가 적합합니다. 전문인력 분야에서는 정책전문(행정 및 제도, 인력운영), 획득전문(방산 계약 및 관리), 기술전문(체계 운영), 특수전문(국방분석) 분야가 적합합니다. 향후에는 정확성과 함께 상황 대응 능력을 함께 강화하는 것이 중요합니다. 야전·실무형(R, 현장감각, 창의적 사고 및 표현) 또는 기술·분석형(I, 분석능력) 성향을 보완하면 보다 실무 중심의 경쟁력을 갖출 수 있습니다. 위에서 추천드린 기술병과, 행정병과(군사경찰)는 지휘관 직위를 필수로 이수해야 하므로 현장 감각을 유지하며 리더십 함양에도 힘써야 합니다. | G57: 40 | H57: 32 | I57: 26 | J57: 50 | K57: 40 | L57: 51 | U57: 1hvIwi8WI8_DmWFH_vG67btVkEQBFFewG | V57: https://drive.google.com/file/d/1hvIwi8WI8_DmWFH_vG67btVkEQBFFewG/view?usp=drivesdk | W57: =HYPERLINK("https://drive.google.com/file/d/1hvIwi8WI8_DmWFH_vG67btVkEQBFFewG/view?usp=drivesdk","장민혁_진로적성검사_2026") -> 장민혁_진로적성검사_2026 | X57: Document successfully created; Document successfully merged; PDF created; Run via form trigger as jeongjinung4@gmail.com; Timestamp: Aug 13, 2026 8:43 PM | AA57: SENT | AB57: 46248.405
A58: 정인준 | B58: 2025 | C58: ISFP | D58: injun2002@naver.com | E58: 행정·관리형(C) | F58: 귀하의 진로적성검사 결과, 행정·관리형(C) 성향이 중심적으로 나타났습니다. 체계적인 관리와 정확한 업무 수행에 강점을 가진 유형으로, 군 조직의 안정적 운영을 유지하는 데 필수적인 역할을 담당합니다. 귀하에게는 인사행정, 재정, 군수, 병참, 병기, 군사경찰, 법무 분야가 적합합니다. 전문인력 분야에서는 정책전문(행정 및 제도, 인력운영), 획득전문(방산 계약 및 관리), 기술전문(체계 운영), 특수전문(국방분석) 분야가 적합합니다. 향후에는 정확성과 함께 상황 대응 능력을 함께 강화하는 것이 중요합니다. 야전·실무형(R, 현장감각, 창의적 사고 및 표현) 또는 기술·분석형(I, 분석능력) 성향을 보완하면 보다 실무 중심의 경쟁력을 갖출 수 있습니다. 위에서 추천드린 기술병과, 행정병과(군사경찰)는 지휘관 직위를 필수로 이수해야 하므로 현장 감각을 유지하며 리더십 함양에도 힘써야 합니다. | G58: 36 | H58: 44 | I58: 28 | J58: 47 | K58: 47 | L58: 51 | U58: 1SwLQfxD8kY6SVQHlEu9wJ_Nvqz2tHTLt | V58: https://drive.google.com/file/d/1SwLQfxD8kY6SVQHlEu9wJ_Nvqz2tHTLt/view?usp=drivesdk | W58: =HYPERLINK("https://drive.google.com/file/d/1SwLQfxD8kY6SVQHlEu9wJ_Nvqz2tHTLt/view?usp=drivesdk","정인준_진로적성검사_2026") -> 정인준_진로적성검사_2026 | X58: Document successfully created; Document successfully merged; PDF created; Run via form trigger as jeongjinung4@gmail.com; Timestamp: Aug 13, 2026 8:43 PM | AA58: SENT | AB58: 46248.405
A59: 김동규 | B59: 2025 | C59: Infp | D59: cjkimdg21@naver.com | E59: 관계형(S) | F59: 귀하의 검사 결과, 관계형(S) 성향이 중심적으로 나타났습니다. 사람을 이해하고 돕는 데 강점을 가진 유형으로, 조직 내 안정과 협력을 이끄는 중요한 역할을 수행합니다. 귀하에게는 전투병과(인사특기, 작전특기), 인사행정, 정훈, 군의, 의정, 간호 분야가 적합하여, 대인관계 중심 역할에서 역량을 발휘할 수 있습니다. 전문인력 분야에서는 정책전문(교육, 복지 및 인사 정책), 국제전문(협력 및 교류), 교육·교수 중심의 특수전문 분야가 적합합니다. 향후에는 조직 운영 능력을 강화하는 것이 중요합니다. 야전·실무형(R, 병력 및 장비운용)과 리더형(E,리더십) 성향을 함께 발전시키면 지휘 및 관리 역할에서도 큰 강점을 발휘할 수 있습니다. 위에서 추천드린 전투병과(인사특기, 작전특기)는 지휘관 직위를 필수로 이수해야 하므로 야전부대 현장 감각을 유지하며 리더십 함양에도 힘써야 합니다. | G59: 34 | H59: 32 | I59: 32 | J59: 37 | K59: 35 | L59: 36 | U59: 1ZDiqYq4W_asD-77RJGz-7e45SKP9vEL6 | V59: https://drive.google.com/file/d/1ZDiqYq4W_asD-77RJGz-7e45SKP9vEL6/view?usp=drivesdk | W59: =HYPERLINK("https://drive.google.com/file/d/1ZDiqYq4W_asD-77RJGz-7e45SKP9vEL6/view?usp=drivesdk","김동규_진로적성검사_2026") -> 김동규_진로적성검사_2026 | X59: Document successfully created; Document successfully merged; PDF created; Run via form trigger as jeongjinung4@gmail.com; Timestamp: Aug 13, 2026 8:43 PM | AA59: SENT | AB59: 46248.405
A60: 허재호 | B60: 2023 | C60: ESFJ | D60: gjwogh2311@naver.com | E60: 관계형(S) | F60: 귀하의 검사 결과, 관계형(S) 성향이 중심적으로 나타났습니다. 사람을 이해하고 돕는 데 강점을 가진 유형으로, 조직 내 안정과 협력을 이끄는 중요한 역할을 수행합니다. 귀하에게는 전투병과(인사특기, 작전특기), 인사행정, 정훈, 군의, 의정, 간호 분야가 적합하여, 대인관계 중심 역할에서 역량을 발휘할 수 있습니다. 전문인력 분야에서는 정책전문(교육, 복지 및 인사 정책), 국제전문(협력 및 교류), 교육·교수 중심의 특수전문 분야가 적합합니다. 향후에는 조직 운영 능력을 강화하는 것이 중요합니다. 야전·실무형(R, 병력 및 장비운용)과 리더형(E,리더십) 성향을 함께 발전시키면 지휘 및 관리 역할에서도 큰 강점을 발휘할 수 있습니다. 위에서 추천드린 전투병과(인사특기, 작전특기)는 지휘관 직위를 필수로 이수해야 하므로 야전부대 현장 감각을 유지하며 리더십 함양에도 힘써야 합니다. | G60: 42 | H60: 35 | I60: 45 | J60: 57 | K60: 50 | L60: 44 | U60: 1QlQm-tLNa2OQn93rEtrlJ_EgfxGiwVKy | V60: https://drive.google.com/file/d/1QlQm-tLNa2OQn93rEtrlJ_EgfxGiwVKy/view?usp=drivesdk | W60: =HYPERLINK("https://drive.google.com/file/d/1QlQm-tLNa2OQn93rEtrlJ_EgfxGiwVKy/view?usp=drivesdk","허재호_진로적성검사_2026") -> 허재호_진로적성검사_2026 | X60: Document successfully created; Document successfully merged; PDF created; Run via form trigger as jeongjinung4@gmail.com; Timestamp: Aug 13, 2026 8:43 PM | AA60: SENT | AB60: 46248.405
A61: 송원범 | B61: 2024 | C61: ESTJ | D61: swb313@naver.com | E61: 관계형(S) | F61: 귀하의 검사 결과, 관계형(S) 성향이 중심적으로 나타났습니다. 사람을 이해하고 돕는 데 강점을 가진 유형으로, 조직 내 안정과 협력을 이끄는 중요한 역할을 수행합니다. 귀하에게는 전투병과(인사특기, 작전특기), 인사행정, 정훈, 군의, 의정, 간호 분야가 적합하여, 대인관계 중심 역할에서 역량을 발휘할 수 있습니다. 전문인력 분야에서는 정책전문(교육, 복지 및 인사 정책), 국제전문(협력 및 교류), 교육·교수 중심의 특수전문 분야가 적합합니다. 향후에는 조직 운영 능력을 강화하는 것이 중요합니다. 야전·실무형(R, 병력 및 장비운용)과 리더형(E,리더십) 성향을 함께 발전시키면 지휘 및 관리 역할에서도 큰 강점을 발휘할 수 있습니다. 위에서 추천드린 전투병과(인사특기, 작전특기)는 지휘관 직위를 필수로 이수해야 하므로 야전부대 현장 감각을 유지하며 리더십 함양에도 힘써야 합니다. | G61: 32 | H61: 30 | I61: 33 | J61: 39 | K61: 39 | L61: 36 | U61: 1RSxLCvHggLmOJsPStzLywW1ui68FmHbb | V61: https://drive.google.com/file/d/1RSxLCvHggLmOJsPStzLywW1ui68FmHbb/view?usp=drivesdk | W61: =HYPERLINK("https://drive.google.com/file/d/1RSxLCvHggLmOJsPStzLywW1ui68FmHbb/view?usp=drivesdk","송원범_진로적성검사_2026") -> 송원범_진로적성검사_2026 | X61: Document successfully created; Document successfully merged; PDF created; Run via form trigger as jeongjinung4@gmail.com; Timestamp: Aug 13, 2026 8:43 PM | AA61: SENT | AB61: 46248.405
A62: 권우성 | B62: 2026 | C62: INFP | D62: gouoso@naver.com | E62: 관계형(S) | F62: 귀하의 검사 결과, 관계형(S) 성향이 중심적으로 나타났습니다. 사람을 이해하고 돕는 데 강점을 가진 유형으로, 조직 내 안정과 협력을 이끄는 중요한 역할을 수행합니다. 귀하에게는 전투병과(인사특기, 작전특기), 인사행정, 정훈, 군의, 의정, 간호 분야가 적합하여, 대인관계 중심 역할에서 역량을 발휘할 수 있습니다. 전문인력 분야에서는 정책전문(교육, 복지 및 인사 정책), 국제전문(협력 및 교류), 교육·교수 중심의 특수전문 분야가 적합합니다. 향후에는 조직 운영 능력을 강화하는 것이 중요합니다. 야전·실무형(R, 병력 및 장비운용)과 리더형(E,리더십) 성향을 함께 발전시키면 지휘 및 관리 역할에서도 큰 강점을 발휘할 수 있습니다. 위에서 추천드린 전투병과(인사특기, 작전특기)는 지휘관 직위를 필수로 이수해야 하므로 야전부대 현장 감각을 유지하며 리더십 함양에도 힘써야 합니다. | G62: 25 | H62: 17 | I62: 24 | J62: 36 | K62: 24 | L62: 27 | U62: 1a-qlfB9Q7RlxcM7hSpobaGjGsn6PfrfZ | V62: https://drive.google.com/file/d/1a-qlfB9Q7RlxcM7hSpobaGjGsn6PfrfZ/view?usp=drivesdk | W62: =HYPERLINK("https://drive.google.com/file/d/1a-qlfB9Q7RlxcM7hSpobaGjGsn6PfrfZ/view?usp=drivesdk","권우성_진로적성검사_2026") -> 권우성_진로적성검사_2026 | X62: Document successfully created; Document successfully merged; PDF created; Run via form trigger as jeongjinung4@gmail.com; Timestamp: Aug 13, 2026 8:43 PM | AA62: SENT | AB62: 46248.405
A63: 박시원 | B63: 2025 | C63: ISFP | D63: c1020719@naver.com | E63: 관계형(S) | F63: 귀하의 검사 결과, 관계형(S) 성향이 중심적으로 나타났습니다. 사람을 이해하고 돕는 데 강점을 가진 유형으로, 조직 내 안정과 협력을 이끄는 중요한 역할을 수행합니다. 귀하에게는 전투병과(인사특기, 작전특기), 인사행정, 정훈, 군의, 의정, 간호 분야가 적합하여, 대인관계 중심 역할에서 역량을 발휘할 수 있습니다. 전문인력 분야에서는 정책전문(교육, 복지 및 인사 정책), 국제전문(협력 및 교류), 교육·교수 중심의 특수전문 분야가 적합합니다. 향후에는 조직 운영 능력을 강화하는 것이 중요합니다. 야전·실무형(R, 병력 및 장비운용)과 리더형(E,리더십) 성향을 함께 발전시키면 지휘 및 관리 역할에서도 큰 강점을 발휘할 수 있습니다. 위에서 추천드린 전투병과(인사특기, 작전특기)는 지휘관 직위를 필수로 이수해야 하므로 야전부대 현장 감각을 유지하며 리더십 함양에도 힘써야 합니다. | G63: 42 | H63: 40 | I63: 42 | J63: 48 | K63: 42 | L63: 48 | U63: 18plHW8TJH0KL2C7EegoM0CKBqbm57h3U | V63: https://drive.google.com/file/d/18plHW8TJH0KL2C7EegoM0CKBqbm57h3U/view?usp=drivesdk | W63: =HYPERLINK("https://drive.google.com/file/d/18plHW8TJH0KL2C7EegoM0CKBqbm57h3U/view?usp=drivesdk","박시원_진로적성검사_2026") -> 박시원_진로적성검사_2026 | X63: Document successfully created; Document successfully merged; PDF created; Run via form trigger as jeongjinung4@gmail.com; Timestamp: Aug 13, 2026 8:43 PM | AA63: SENT | AB63: 46248.405
A64: 조민수 | B64: 2023 | C64: ENFP | D64: swa07152@naver.com | E64: 행정·관리형(C) | F64: 귀하의 진로적성검사 결과, 행정·관리형(C) 성향이 중심적으로 나타났습니다. 체계적인 관리와 정확한 업무 수행에 강점을 가진 유형으로, 군 조직의 안정적 운영을 유지하는 데 필수적인 역할을 담당합니다. 귀하에게는 인사행정, 재정, 군수, 병참, 병기, 군사경찰, 법무 분야가 적합합니다. 전문인력 분야에서는 정책전문(행정 및 제도, 인력운영), 획득전문(방산 계약 및 관리), 기술전문(체계 운영), 특수전문(국방분석) 분야가 적합합니다. 향후에는 정확성과 함께 상황 대응 능력을 함께 강화하는 것이 중요합니다. 야전·실무형(R, 현장감각, 창의적 사고 및 표현) 또는 기술·분석형(I, 분석능력) 성향을 보완하면 보다 실무 중심의 경쟁력을 갖출 수 있습니다. 위에서 추천드린 기술병과, 행정병과(군사경찰)는 지휘관 직위를 필수로 이수해야 하므로 현장 감각을 유지하며 리더십 함양에도 힘써야 합니다. | G64: 41 | H64: 44 | I64: 45 | J64: 52 | K64: 41 | L64: 54 | U64: 1NgENyf3kmRobCJ21gdkQlV70i6vQ1Gv6 | V64: https://drive.google.com/file/d/1NgENyf3kmRobCJ21gdkQlV70i6vQ1Gv6/view?usp=drivesdk | W64: =HYPERLINK("https://drive.google.com/file/d/1NgENyf3kmRobCJ21gdkQlV70i6vQ1Gv6/view?usp=drivesdk","조민수_진로적성검사_2026") -> 조민수_진로적성검사_2026 | X64: Document successfully created; Document successfully merged; PDF created; Run via form trigger as jeongjinung4@gmail.com; Timestamp: Aug 13, 2026 8:43 PM | AA64: SENT | AB64: 46248.405
A65: 이규현 | B65: 2025 | C65: ENTJ | D65: zxcv94832224@gmail.com | E65: 관계형(S) | F65: 귀하의 검사 결과, 관계형(S) 성향이 중심적으로 나타났습니다. 사람을 이해하고 돕는 데 강점을 가진 유형으로, 조직 내 안정과 협력을 이끄는 중요한 역할을 수행합니다. 귀하에게는 전투병과(인사특기, 작전특기), 인사행정, 정훈, 군의, 의정, 간호 분야가 적합하여, 대인관계 중심 역할에서 역량을 발휘할 수 있습니다. 전문인력 분야에서는 정책전문(교육, 복지 및 인사 정책), 국제전문(협력 및 교류), 교육·교수 중심의 특수전문 분야가 적합합니다. 향후에는 조직 운영 능력을 강화하는 것이 중요합니다. 야전·실무형(R, 병력 및 장비운용)과 리더형(E,리더십) 성향을 함께 발전시키면 지휘 및 관리 역할에서도 큰 강점을 발휘할 수 있습니다. 위에서 추천드린 전투병과(인사특기, 작전특기)는 지휘관 직위를 필수로 이수해야 하므로 야전부대 현장 감각을 유지하며 리더십 함양에도 힘써야 합니다. | G65: 26 | H65: 23 | I65: 46 | J65: 52 | K65: 33 | L65: 37 | U65: 1_I49BfvTNOAgcvMjWx23FDMxdSaKHXmt | V65: https://drive.google.com/file/d/1_I49BfvTNOAgcvMjWx23FDMxdSaKHXmt/view?usp=drivesdk | W65: =HYPERLINK("https://drive.google.com/file/d/1_I49BfvTNOAgcvMjWx23FDMxdSaKHXmt/view?usp=drivesdk","이규현_진로적성검사_2026") -> 이규현_진로적성검사_2026 | X65: Document successfully created; Document successfully merged; PDF created; Run via form trigger as jeongjinung4@gmail.com; Timestamp: Aug 13, 2026 8:43 PM | AA65: SENT | AB65: 46248.406
A66: 남민석 | B66: 2021 | C66: INFP | D66: fa929as2@naver.com | E66: 관계형(S) | F66: 귀하의 검사 결과, 관계형(S) 성향이 중심적으로 나타났습니다. 사람을 이해하고 돕는 데 강점을 가진 유형으로, 조직 내 안정과 협력을 이끄는 중요한 역할을 수행합니다. 귀하에게는 전투병과(인사특기, 작전특기), 인사행정, 정훈, 군의, 의정, 간호 분야가 적합하여, 대인관계 중심 역할에서 역량을 발휘할 수 있습니다. 전문인력 분야에서는 정책전문(교육, 복지 및 인사 정책), 국제전문(협력 및 교류), 교육·교수 중심의 특수전문 분야가 적합합니다. 향후에는 조직 운영 능력을 강화하는 것이 중요합니다. 야전·실무형(R, 병력 및 장비운용)과 리더형(E,리더십) 성향을 함께 발전시키면 지휘 및 관리 역할에서도 큰 강점을 발휘할 수 있습니다. 위에서 추천드린 전투병과(인사특기, 작전특기)는 지휘관 직위를 필수로 이수해야 하므로 야전부대 현장 감각을 유지하며 리더십 함양에도 힘써야 합니다. | G66: 39 | H66: 40 | I66: 43 | J66: 59 | K66: 47 | L66: 53 | U66: 1sa-UvBeqa_zLP3Lb4_lncmwoWeUg-z6R | V66: https://drive.google.com/file/d/1sa-UvBeqa_zLP3Lb4_lncmwoWeUg-z6R/view?usp=drivesdk | W66: =HYPERLINK("https://drive.google.com/file/d/1sa-UvBeqa_zLP3Lb4_lncmwoWeUg-z6R/view?usp=drivesdk","남민석_진로적성검사_2026") -> 남민석_진로적성검사_2026 | X66: Document successfully created; Document successfully merged; PDF created; Run via form trigger as jeongjinung4@gmail.com; Timestamp: Aug 13, 2026 8:44 PM | AA66: SENT | AB66: 46248.406
A67: 김민규 | B67: 2026 | C67: ENFP | D67: oys030525@naver.com | E67: 리더형(E) | F67: 귀하의 검사 결과, 리더형(E) 성향이 강하게 나타났습니다. 리더십과 의사결정 능력(협의, 조정)이 뛰어나며, 조직을 이끌고 목표를 달성하는 데 강점을 가진 유형입니다. 또한 이 유형은 상황을 빠르게 파악하고 방향을 설정하여 조직을 이끄는 능력이 뛰어나며, 부하들을 동기부여하고 목표 달성을 위해 자원을 효과적으로 배분하는 데 능숙합니다. 군에서는 이러한 성향이 지휘관 역할과 직결됩니다. 귀하에게는 보병, 포병, 기갑 등 모든 전투 병과에서의 전투부대 지휘 역할에 적합하여 조직 관리 능력을 발휘할 수 있습니다. 전문인력 분야에서는 정책전문, 국제전문(무관 등), 획득전문(방위사업 관련) 분야가 적합합니다. 향후에는 단순한 리더십을 넘어 전문성과 현장 이해를 함께 갖추는 것이 중요합니다. 야전·실무형(R,현장감각)이나 관계형(S,대인관계) 성향을 보완한다면 더욱 균형 잡힌 지휘관으로 성장할 수 있습니다. 또한 전투병과 장교는 지휘관과 참모직위를 모두 이수해야 하므로 참모로서의 섬세함과 업무관리 능력을 함양해야 한다. | G67: 51 | H67: 46 | I67: 41 | J67: 57 | K67: 59 | L67: 51 | U67: 1kHzlLmg9ji8WigoYHARLPTFiSUzjc7WG | V67: https://drive.google.com/file/d/1kHzlLmg9ji8WigoYHARLPTFiSUzjc7WG/view?usp=drivesdk | W67: =HYPERLINK("https://drive.google.com/file/d/1kHzlLmg9ji8WigoYHARLPTFiSUzjc7WG/view?usp=drivesdk","김민규_진로적성검사_2026") -> 김민규_진로적성검사_2026 | X67: Document successfully created; Document successfully merged; PDF created; Run via form trigger as jeongjinung4@gmail.com; Timestamp: Aug 13, 2026 8:44 PM | AA67: SENT | AB67: 46248.406
A68: 윤민식 | B68: 2022 | C68: ENFJ | D68: 96yunms@naver.com | E68: 관계형(S) | F68: 귀하의 검사 결과, 관계형(S) 성향이 중심적으로 나타났습니다. 사람을 이해하고 돕는 데 강점을 가진 유형으로, 조직 내 안정과 협력을 이끄는 중요한 역할을 수행합니다. 귀하에게는 전투병과(인사특기, 작전특기), 인사행정, 정훈, 군의, 의정, 간호 분야가 적합하여, 대인관계 중심 역할에서 역량을 발휘할 수 있습니다. 전문인력 분야에서는 정책전문(교육, 복지 및 인사 정책), 국제전문(협력 및 교류), 교육·교수 중심의 특수전문 분야가 적합합니다. 향후에는 조직 운영 능력을 강화하는 것이 중요합니다. 야전·실무형(R, 병력 및 장비운용)과 리더형(E,리더십) 성향을 함께 발전시키면 지휘 및 관리 역할에서도 큰 강점을 발휘할 수 있습니다. 위에서 추천드린 전투병과(인사특기, 작전특기)는 지휘관 직위를 필수로 이수해야 하므로 야전부대 현장 감각을 유지하며 리더십 함양에도 힘써야 합니다. | G68: 41 | H68: 48 | I68: 45 | J68: 52 | K68: 49 | L68: 37 | U68: 19s7mi7Duwz61AL4_YlI7HQqEZyN4SWUB | V68: https://drive.google.com/file/d/19s7mi7Duwz61AL4_YlI7HQqEZyN4SWUB/view?usp=drivesdk | W68: =HYPERLINK("https://drive.google.com/file/d/19s7mi7Duwz61AL4_YlI7HQqEZyN4SWUB/view?usp=drivesdk","윤민식_진로적성검사_2026") -> 윤민식_진로적성검사_2026 | X68: Document successfully created; Document successfully merged; PDF created; Run via form trigger as jeongjinung4@gmail.com; Timestamp: Aug 13, 2026 8:44 PM | AA68: SENT | AB68: 46248.406
A69: 이영무 | B69: 2025 | D69: ymsch1129@gmail.com | E69: 리더형(E) | F69: 귀하의 검사 결과, 리더형(E) 성향이 강하게 나타났습니다. 리더십과 의사결정 능력(협의, 조정)이 뛰어나며, 조직을 이끌고 목표를 달성하는 데 강점을 가진 유형입니다. 또한 이 유형은 상황을 빠르게 파악하고 방향을 설정하여 조직을 이끄는 능력이 뛰어나며, 부하들을 동기부여하고 목표 달성을 위해 자원을 효과적으로 배분하는 데 능숙합니다. 군에서는 이러한 성향이 지휘관 역할과 직결됩니다. 귀하에게는 보병, 포병, 기갑 등 모든 전투 병과에서의 전투부대 지휘 역할에 적합하여 조직 관리 능력을 발휘할 수 있습니다. 전문인력 분야에서는 정책전문, 국제전문(무관 등), 획득전문(방위사업 관련) 분야가 적합합니다. 향후에는 단순한 리더십을 넘어 전문성과 현장 이해를 함께 갖추는 것이 중요합니다. 야전·실무형(R,현장감각)이나 관계형(S,대인관계) 성향을 보완한다면 더욱 균형 잡힌 지휘관으로 성장할 수 있습니다. 또한 전투병과 장교는 지휘관과 참모직위를 모두 이수해야 하므로 참모로서의 섬세함과 업무관리 능력을 함양해야 한다. | G69: 40 | H69: 56 | I69: 43 | J69: 55 | K69: 60 | L69: 53 | U69: 1Iv062prGGweDPA08M1_YeVL8Ico0cGYm | V69: https://drive.google.com/file/d/1Iv062prGGweDPA08M1_YeVL8Ico0cGYm/view?usp=drivesdk | W69: =HYPERLINK("https://drive.google.com/file/d/1Iv062prGGweDPA08M1_YeVL8Ico0cGYm/view?usp=drivesdk","이영무_진로적성검사_2026") -> 이영무_진로적성검사_2026 | X69: Document successfully created; Document successfully merged; PDF created; Run via form trigger as jeongjinung4@gmail.com; Timestamp: Aug 13, 2026 8:44 PM | AA69: SENT | AB69: 46248.406
A70: 임*빈 | B70: 2024 | C70: ESTP | D70: limsubin153@naver.com | E70: 관계형(S) | F70: 귀하의 검사 결과, 관계형(S) 성향이 중심적으로 나타났습니다. 사람을 이해하고 돕는 데 강점을 가진 유형으로, 조직 내 안정과 협력을 이끄는 중요한 역할을 수행합니다. 귀하에게는 전투병과(인사특기, 작전특기), 인사행정, 정훈, 군의, 의정, 간호 분야가 적합하여, 대인관계 중심 역할에서 역량을 발휘할 수 있습니다. 전문인력 분야에서는 정책전문(교육, 복지 및 인사 정책), 국제전문(협력 및 교류), 교육·교수 중심의 특수전문 분야가 적합합니다. 향후에는 조직 운영 능력을 강화하는 것이 중요합니다. 야전·실무형(R, 병력 및 장비운용)과 리더형(E,리더십) 성향을 함께 발전시키면 지휘 및 관리 역할에서도 큰 강점을 발휘할 수 있습니다. 위에서 추천드린 전투병과(인사특기, 작전특기)는 지휘관 직위를 필수로 이수해야 하므로 야전부대 현장 감각을 유지하며 리더십 함양에도 힘써야 합니다. | G70: 33 | H70: 36 | I70: 39 | J70: 56 | K70: 51 | L70: 47 | U70: 1U6JqNzemODipYwsExBa97Rs7KZ3wgPcx | V70: https://drive.google.com/file/d/1U6JqNzemODipYwsExBa97Rs7KZ3wgPcx/view?usp=drivesdk | W70: =HYPERLINK("https://drive.google.com/file/d/1U6JqNzemODipYwsExBa97Rs7KZ3wgPcx/view?usp=drivesdk","임*빈_진로적성검사_2026") -> 임*빈_진로적성검사_2026 | X70: Document successfully created; Document successfully merged; PDF created; Run via form trigger as jeongjinung4@gmail.com; Timestamp: Aug 13, 2026 8:44 PM | AA70: SENT | AB70: 46248.406
A71: 김주영 | B71: 2022 | C71: ESTP | D71: kimjuyoung1028@naver.com | E71: 리더형(E) | F71: 귀하의 검사 결과, 리더형(E) 성향이 강하게 나타났습니다. 리더십과 의사결정 능력(협의, 조정)이 뛰어나며, 조직을 이끌고 목표를 달성하는 데 강점을 가진 유형입니다. 또한 이 유형은 상황을 빠르게 파악하고 방향을 설정하여 조직을 이끄는 능력이 뛰어나며, 부하들을 동기부여하고 목표 달성을 위해 자원을 효과적으로 배분하는 데 능숙합니다. 군에서는 이러한 성향이 지휘관 역할과 직결됩니다. 귀하에게는 보병, 포병, 기갑 등 모든 전투 병과에서의 전투부대 지휘 역할에 적합하여 조직 관리 능력을 발휘할 수 있습니다. 전문인력 분야에서는 정책전문, 국제전문(무관 등), 획득전문(방위사업 관련) 분야가 적합합니다. 향후에는 단순한 리더십을 넘어 전문성과 현장 이해를 함께 갖추는 것이 중요합니다. 야전·실무형(R,현장감각)이나 관계형(S,대인관계) 성향을 보완한다면 더욱 균형 잡힌 지휘관으로 성장할 수 있습니다. 또한 전투병과 장교는 지휘관과 참모직위를 모두 이수해야 하므로 참모로서의 섬세함과 업무관리 능력을 함양해야 한다. | G71: 39 | H71: 38 | I71: 32 | J71: 45 | K71: 46 | L71: 42 | U71: 1T0x5Xn3xVEuqRDMANe2xL9Pqmg_x_vJY | V71: https://drive.google.com/file/d/1T0x5Xn3xVEuqRDMANe2xL9Pqmg_x_vJY/view?usp=drivesdk | W71: =HYPERLINK("https://drive.google.com/file/d/1T0x5Xn3xVEuqRDMANe2xL9Pqmg_x_vJY/view?usp=drivesdk","김주영_진로적성검사_2026") -> 김주영_진로적성검사_2026 | X71: Document successfully created; Document successfully merged; PDF created; Run via form trigger as jeongjinung4@gmail.com; Timestamp: Aug 13, 2026 8:44 PM | AA71: SENT | AB71: 46248.406
A72: 박정우 | B72: 2022 | C72: ENFJ | D72: wjddn7618@nate.com | E72: 관계형(S) | F72: 귀하의 검사 결과, 관계형(S) 성향이 중심적으로 나타났습니다. 사람을 이해하고 돕는 데 강점을 가진 유형으로, 조직 내 안정과 협력을 이끄는 중요한 역할을 수행합니다. 귀하에게는 전투병과(인사특기, 작전특기), 인사행정, 정훈, 군의, 의정, 간호 분야가 적합하여, 대인관계 중심 역할에서 역량을 발휘할 수 있습니다. 전문인력 분야에서는 정책전문(교육, 복지 및 인사 정책), 국제전문(협력 및 교류), 교육·교수 중심의 특수전문 분야가 적합합니다. 향후에는 조직 운영 능력을 강화하는 것이 중요합니다. 야전·실무형(R, 병력 및 장비운용)과 리더형(E,리더십) 성향을 함께 발전시키면 지휘 및 관리 역할에서도 큰 강점을 발휘할 수 있습니다. 위에서 추천드린 전투병과(인사특기, 작전특기)는 지휘관 직위를 필수로 이수해야 하므로 야전부대 현장 감각을 유지하며 리더십 함양에도 힘써야 합니다. | G72: 37 | H72: 37 | I72: 31 | J72: 46 | K72: 46 | L72: 40 | U72: 17DV1mmy9mIZKk2mU5aa6eJHZZPW2nkMz | V72: https://drive.google.com/file/d/17DV1mmy9mIZKk2mU5aa6eJHZZPW2nkMz/view?usp=drivesdk | W72: =HYPERLINK("https://drive.google.com/file/d/17DV1mmy9mIZKk2mU5aa6eJHZZPW2nkMz/view?usp=drivesdk","박정우_진로적성검사_2026") -> 박정우_진로적성검사_2026 | X72: Document successfully created; Document successfully merged; PDF created; Run via form trigger as jeongjinung4@gmail.com; Timestamp: Aug 13, 2026 8:44 PM | AA72: SENT | AB72: 46248.406
A73: 김기현 | B73: 2023 | C73: ISTP | D73: kimkihyun212@gmail.com | E73: 관계형(S) | F73: 귀하의 검사 결과, 관계형(S) 성향이 중심적으로 나타났습니다. 사람을 이해하고 돕는 데 강점을 가진 유형으로, 조직 내 안정과 협력을 이끄는 중요한 역할을 수행합니다. 귀하에게는 전투병과(인사특기, 작전특기), 인사행정, 정훈, 군의, 의정, 간호 분야가 적합하여, 대인관계 중심 역할에서 역량을 발휘할 수 있습니다. 전문인력 분야에서는 정책전문(교육, 복지 및 인사 정책), 국제전문(협력 및 교류), 교육·교수 중심의 특수전문 분야가 적합합니다. 향후에는 조직 운영 능력을 강화하는 것이 중요합니다. 야전·실무형(R, 병력 및 장비운용)과 리더형(E,리더십) 성향을 함께 발전시키면 지휘 및 관리 역할에서도 큰 강점을 발휘할 수 있습니다. 위에서 추천드린 전투병과(인사특기, 작전특기)는 지휘관 직위를 필수로 이수해야 하므로 야전부대 현장 감각을 유지하며 리더십 함양에도 힘써야 합니다. | G73: 43 | H73: 42 | I73: 35 | J73: 48 | K73: 48 | L73: 41 | U73: 13vEkJWzcF9XnjtZEvl24qSgR_24rQ2Vz | V73: https://drive.google.com/file/d/13vEkJWzcF9XnjtZEvl24qSgR_24rQ2Vz/view?usp=drivesdk | W73: =HYPERLINK("https://drive.google.com/file/d/13vEkJWzcF9XnjtZEvl24qSgR_24rQ2Vz/view?usp=drivesdk","김기현_진로적성검사_2026") -> 김기현_진로적성검사_2026 | X73: Document successfully created; Document successfully merged; PDF created; Run via form trigger as jeongjinung4@gmail.com; Timestamp: Aug 13, 2026 8:44 PM | AA73: SENT | AB73: 46248.406
A74: 이수연 | B74: 2026 | C74: INTP | D74: suyeon190530@naver.com | E74: 야전·실무형(R) | F74: 귀하의 진로적성검사 결과를 종합하면 야전·실무형(R) 성향이 두드러지며, 이는 장비 운용과 현장 중심의 임무 수행에서 강점을 보이는 전형적인 야전형 장교로 성장할 가능성을 의미합니다. 이러한 성향은 군 환경에서 전투장비 운용과 유지관리, 전술적 운용, 병력 통제 등 실제 전투력과 직결되는 분야에서 특히 중요한 역할을 하며, 전투장비를 운용하는 보병(기보)·포병·기갑·방공·육군항공과 같은 전투임무 위주 병과뿐 아니라 공병, 정보통신,화학 등 기술 기반 병과에서도 높은 적합성을 보입니다. 전투병과 특기 선택시는 작전, 군수, 획득분야가 가장 적합합니다. 또한 군수, 병기, 병참, 수송 분야에서도 장비 관리와 운용 능력을 효과적으로 발휘할 수 있습니다. 전문인력 분야로는 통신·공병 등 기술 전문 분야나 무기체계 획득 및 관리와 같은 획득 전문 영역, 장비 중심 연구개발 분야에서도 발전 가능성이 큽니다. 현실형 장교는 전투 및 훈련 상황에서 빠르고 정확한 판단과 실행력을 바탕으로 가시적인 성과를 창출하며, 부하들에게 신뢰를 주는 장점이 있습니다. 다만 단기적 실행에 집중하는 경향으로 인해 장기적 안목 형성과 체계적인 기획 능력, 세밀한 의사소통, 유연한 상황 대응 및 병사 개개인에 대한 심리적 관리 측면에서는 보완이 필요합니다. 따라서 리더형(E, 리더십)이나 행정관리형(C, 정확한 업무수행) 성향을 함께 강화한다면 더욱 높은 성과를 기대할 수 있습니다. | G74: 40 | H74: 27 | I74: 30 | J74: 39 | K74: 36 | L74: 35 | U74: 1zG9ZS5Mave37UX7vUAppeVJ3sx2mRGEf | V74: https://drive.google.com/file/d/1zG9ZS5Mave37UX7vUAppeVJ3sx2mRGEf/view?usp=drivesdk | W74: =HYPERLINK("https://drive.google.com/file/d/1zG9ZS5Mave37UX7vUAppeVJ3sx2mRGEf/view?usp=drivesdk","이수연_진로적성검사_2026") -> 이수연_진로적성검사_2026 | X74: Document successfully created; Document successfully merged; PDF created; Run via form trigger as jeongjinung4@gmail.com; Timestamp: Aug 13, 2026 8:44 PM | AA74: SENT | AB74: 46248.406
A75: 규규 | B75: 2026 | C75: ISTJ | D75: leopardi2003@naver.com | E75: 리더형(E) | F75: 귀하의 검사 결과, 리더형(E) 성향이 강하게 나타났습니다. 리더십과 의사결정 능력(협의, 조정)이 뛰어나며, 조직을 이끌고 목표를 달성하는 데 강점을 가진 유형입니다. 또한 이 유형은 상황을 빠르게 파악하고 방향을 설정하여 조직을 이끄는 능력이 뛰어나며, 부하들을 동기부여하고 목표 달성을 위해 자원을 효과적으로 배분하는 데 능숙합니다. 군에서는 이러한 성향이 지휘관 역할과 직결됩니다. 귀하에게는 보병, 포병, 기갑 등 모든 전투 병과에서의 전투부대 지휘 역할에 적합하여 조직 관리 능력을 발휘할 수 있습니다. 전문인력 분야에서는 정책전문, 국제전문(무관 등), 획득전문(방위사업 관련) 분야가 적합합니다. 향후에는 단순한 리더십을 넘어 전문성과 현장 이해를 함께 갖추는 것이 중요합니다. 야전·실무형(R,현장감각)이나 관계형(S,대인관계) 성향을 보완한다면 더욱 균형 잡힌 지휘관으로 성장할 수 있습니다. 또한 전투병과 장교는 지휘관과 참모직위를 모두 이수해야 하므로 참모로서의 섬세함과 업무관리 능력을 함양해야 한다. | G75: 36 | H75: 35 | I75: 30 | J75: 36 | K75: 37 | L75: 36 | U75: 1e5cMlLhc4EuLtaUT3piF4gdAAPwFf4cs | V75: https://drive.google.com/file/d/1e5cMlLhc4EuLtaUT3piF4gdAAPwFf4cs/view?usp=drivesdk | W75: =HYPERLINK("https://drive.google.com/file/d/1e5cMlLhc4EuLtaUT3piF4gdAAPwFf4cs/view?usp=drivesdk","규규_진로적성검사_2026") -> 규규_진로적성검사_2026 | X75: Document successfully created; Document successfully merged; PDF created; Run via form trigger as jeongjinung4@gmail.com; Timestamp: Aug 13, 2026 8:44 PM | AA75: SENT | AB75: 46248.406
A76: 송예건 | B76: 2026 | C76: INTP | D76: blackcow9271@gmail.com | E76: 창의형(A) | F76: 귀하의 진로적성검사 결과, 창의형(A) 성향이 높게 나타났습니다. 창의적인 표현과 방법, 새로운 아이디어를 통해 조직에 활력을 불어넣는 역할을 합니다. 군 조직에서는 이러한 성향이 장병 사기진작, 홍보, 심리전, 문화 활동 등에서 중요한 의미를 갖습니다. 귀하에게는 전투병과 인사특기,정훈병과가 적합하며, 인사근무 및 사기진작 활동, 영상 제작 및 콘텐츠 기획을 통한 군 홍보활동 등의 분야에서 강점을 발휘할 수 있습니다. 또한 인사행정이나 군사경찰 기능 중 일부 분야에서도 창의적 역할을 수행할 수 있습니다. 전문인력 분야에서는 정책전문(국방정책 홍보) 또는 국방홍보원 등의 미디어 분야로의 확장이 가능합니다. 군 조직 특성상 기본적인 규율과 체계 적응이 중요하므로, 행정관리형(C, 규율중시, 정확성)이나 관계형(S, 협업관계) 역량을 함께 보완한다면 보다 안정적인 성과를 낼 수 있습니다. 위에서 추천드린 전투병과(인사특기), 군사경찰 병과 역시 지휘관 직위를 필수로 이수해야 하므로 야전부대 현장 감각을 유지하고 의사소통 및 대인관계 형성과 같은 리더십을 함양에도 힘써야 합니다. | G76: 28 | H76: 42 | I76: 56 | J76: 52 | K76: 46 | L76: 41 | U76: 1h2dU-tsmwA3ShsvapDQceMRpTAh2jrAd | V76: https://drive.google.com/file/d/1h2dU-tsmwA3ShsvapDQceMRpTAh2jrAd/view?usp=drivesdk | W76: =HYPERLINK("https://drive.google.com/file/d/1h2dU-tsmwA3ShsvapDQceMRpTAh2jrAd/view?usp=drivesdk","송예건_진로적성검사_2026") -> 송예건_진로적성검사_2026 | X76: Document successfully created; Document successfully merged; PDF created; Run via form trigger as jeongjinung4@gmail.com; Timestamp: Aug 13, 2026 8:44 PM | AA76: SENT | AB76: 46248.406
A77: 김현지 | B77: 2022 | C77: ISTJ | D77: hyunjee915@gmail.com | E77: 행정·관리형(C) | F77: 귀하의 진로적성검사 결과, 행정·관리형(C) 성향이 중심적으로 나타났습니다. 체계적인 관리와 정확한 업무 수행에 강점을 가진 유형으로, 군 조직의 안정적 운영을 유지하는 데 필수적인 역할을 담당합니다. 귀하에게는 인사행정, 재정, 군수, 병참, 병기, 군사경찰, 법무 분야가 적합합니다. 전문인력 분야에서는 정책전문(행정 및 제도, 인력운영), 획득전문(방산 계약 및 관리), 기술전문(체계 운영), 특수전문(국방분석) 분야가 적합합니다. 향후에는 정확성과 함께 상황 대응 능력을 함께 강화하는 것이 중요합니다. 야전·실무형(R, 현장감각, 창의적 사고 및 표현) 또는 기술·분석형(I, 분석능력) 성향을 보완하면 보다 실무 중심의 경쟁력을 갖출 수 있습니다. 위에서 추천드린 기술병과, 행정병과(군사경찰)는 지휘관 직위를 필수로 이수해야 하므로 현장 감각을 유지하며 리더십 함양에도 힘써야 합니다. | G77: 29 | H77: 41 | I77: 26 | J77: 45 | K77: 51 | L77: 54 | U77: 1LOA5Ro0DkYjabz8hWrwdH3oZ71b_OqNH | V77: https://drive.google.com/file/d/1LOA5Ro0DkYjabz8hWrwdH3oZ71b_OqNH/view?usp=drivesdk | W77: =HYPERLINK("https://drive.google.com/file/d/1LOA5Ro0DkYjabz8hWrwdH3oZ71b_OqNH/view?usp=drivesdk","김현지_진로적성검사_2026") -> 김현지_진로적성검사_2026 | X77: Document successfully created; Document successfully merged; PDF created; Run via form trigger as jeongjinung4@gmail.com; Timestamp: Aug 13, 2026 8:44 PM | AA77: SENT | AB77: 46248.406
A78: 권영재 | B78: 2026 | C78: ISFP | D78: kwon4451@naver.com | E78: 관계형(S) | F78: 귀하의 검사 결과, 관계형(S) 성향이 중심적으로 나타났습니다. 사람을 이해하고 돕는 데 강점을 가진 유형으로, 조직 내 안정과 협력을 이끄는 중요한 역할을 수행합니다. 귀하에게는 전투병과(인사특기, 작전특기), 인사행정, 정훈, 군의, 의정, 간호 분야가 적합하여, 대인관계 중심 역할에서 역량을 발휘할 수 있습니다. 전문인력 분야에서는 정책전문(교육, 복지 및 인사 정책), 국제전문(협력 및 교류), 교육·교수 중심의 특수전문 분야가 적합합니다. 향후에는 조직 운영 능력을 강화하는 것이 중요합니다. 야전·실무형(R, 병력 및 장비운용)과 리더형(E,리더십) 성향을 함께 발전시키면 지휘 및 관리 역할에서도 큰 강점을 발휘할 수 있습니다. 위에서 추천드린 전투병과(인사특기, 작전특기)는 지휘관 직위를 필수로 이수해야 하므로 야전부대 현장 감각을 유지하며 리더십 함양에도 힘써야 합니다. | G78: 40 | H78: 36 | I78: 37 | J78: 48 | K78: 38 | L78: 40 | U78: 1YOrpBQNDOeioE14__R1sjDlQYhcnZ7sT | V78: https://drive.google.com/file/d/1YOrpBQNDOeioE14__R1sjDlQYhcnZ7sT/view?usp=drivesdk | W78: =HYPERLINK("https://drive.google.com/file/d/1YOrpBQNDOeioE14__R1sjDlQYhcnZ7sT/view?usp=drivesdk","권영재_진로적성검사_2026") -> 권영재_진로적성검사_2026 | X78: Document successfully created; Document successfully merged; PDF created; Run via form trigger as jeongjinung4@gmail.com; Timestamp: Aug 13, 2026 8:44 PM | AA78: SENT | AB78: 46248.407
A79: 손희원 | B79: 2023 | C79: ENFJ | D79: shw94268094@gmail.com | E79: 관계형(S) | F79: 귀하의 검사 결과, 관계형(S) 성향이 중심적으로 나타났습니다. 사람을 이해하고 돕는 데 강점을 가진 유형으로, 조직 내 안정과 협력을 이끄는 중요한 역할을 수행합니다. 귀하에게는 전투병과(인사특기, 작전특기), 인사행정, 정훈, 군의, 의정, 간호 분야가 적합하여, 대인관계 중심 역할에서 역량을 발휘할 수 있습니다. 전문인력 분야에서는 정책전문(교육, 복지 및 인사 정책), 국제전문(협력 및 교류), 교육·교수 중심의 특수전문 분야가 적합합니다. 향후에는 조직 운영 능력을 강화하는 것이 중요합니다. 야전·실무형(R, 병력 및 장비운용)과 리더형(E,리더십) 성향을 함께 발전시키면 지휘 및 관리 역할에서도 큰 강점을 발휘할 수 있습니다. 위에서 추천드린 전투병과(인사특기, 작전특기)는 지휘관 직위를 필수로 이수해야 하므로 야전부대 현장 감각을 유지하며 리더십 함양에도 힘써야 합니다. | G79: 45 | H79: 33 | I79: 40 | J79: 49 | K79: 43 | L79: 35 | U79: 1IM_WRIG0h5IOVIINZd73VsPKdnWvEnLU | V79: https://drive.google.com/file/d/1IM_WRIG0h5IOVIINZd73VsPKdnWvEnLU/view?usp=drivesdk | W79: =HYPERLINK("https://drive.google.com/file/d/1IM_WRIG0h5IOVIINZd73VsPKdnWvEnLU/view?usp=drivesdk","손희원_진로적성검사_2026") -> 손희원_진로적성검사_2026 | X79: Document successfully created; Document successfully merged; PDF created; Run via form trigger as jeongjinung4@gmail.com; Timestamp: Aug 13, 2026 8:45 PM | AA79: SENT | AB79: 46248.407
A80: 박성수 | B80: 2026 | C80: ISTP | D80: andcl524@naver.com | E80: 리더형(E) | F80: 귀하의 검사 결과, 리더형(E) 성향이 강하게 나타났습니다. 리더십과 의사결정 능력(협의, 조정)이 뛰어나며, 조직을 이끌고 목표를 달성하는 데 강점을 가진 유형입니다. 또한 이 유형은 상황을 빠르게 파악하고 방향을 설정하여 조직을 이끄는 능력이 뛰어나며, 부하들을 동기부여하고 목표 달성을 위해 자원을 효과적으로 배분하는 데 능숙합니다. 군에서는 이러한 성향이 지휘관 역할과 직결됩니다. 귀하에게는 보병, 포병, 기갑 등 모든 전투 병과에서의 전투부대 지휘 역할에 적합하여 조직 관리 능력을 발휘할 수 있습니다. 전문인력 분야에서는 정책전문, 국제전문(무관 등), 획득전문(방위사업 관련) 분야가 적합합니다. 향후에는 단순한 리더십을 넘어 전문성과 현장 이해를 함께 갖추는 것이 중요합니다. 야전·실무형(R,현장감각)이나 관계형(S,대인관계) 성향을 보완한다면 더욱 균형 잡힌 지휘관으로 성장할 수 있습니다. 또한 전투병과 장교는 지휘관과 참모직위를 모두 이수해야 하므로 참모로서의 섬세함과 업무관리 능력을 함양해야 한다. | G80: 40 | H80: 44 | I80: 31 | J80: 46 | K80: 50 | L80: 48 | U80: 1U5JeJKpDpYsJArA_UBj9x8LzdSe2ZqgW | V80: https://drive.google.com/file/d/1U5JeJKpDpYsJArA_UBj9x8LzdSe2ZqgW/view?usp=drivesdk | W80: =HYPERLINK("https://drive.google.com/file/d/1U5JeJKpDpYsJArA_UBj9x8LzdSe2ZqgW/view?usp=drivesdk","박성수_진로적성검사_2026") -> 박성수_진로적성검사_2026 | X80: Document successfully created; Document successfully merged; PDF created; Run via form trigger as jeongjinung4@gmail.com; Timestamp: Aug 13, 2026 8:45 PM | AA80: SENT | AB80: 46248.407
A81: 쏘가리 | B81: 2026 | C81: ESTJ | D81: starsky031209@naver.com | E81: 관계형(S) | F81: 귀하의 검사 결과, 관계형(S) 성향이 중심적으로 나타났습니다. 사람을 이해하고 돕는 데 강점을 가진 유형으로, 조직 내 안정과 협력을 이끄는 중요한 역할을 수행합니다. 귀하에게는 전투병과(인사특기, 작전특기), 인사행정, 정훈, 군의, 의정, 간호 분야가 적합하여, 대인관계 중심 역할에서 역량을 발휘할 수 있습니다. 전문인력 분야에서는 정책전문(교육, 복지 및 인사 정책), 국제전문(협력 및 교류), 교육·교수 중심의 특수전문 분야가 적합합니다. 향후에는 조직 운영 능력을 강화하는 것이 중요합니다. 야전·실무형(R, 병력 및 장비운용)과 리더형(E,리더십) 성향을 함께 발전시키면 지휘 및 관리 역할에서도 큰 강점을 발휘할 수 있습니다. 위에서 추천드린 전투병과(인사특기, 작전특기)는 지휘관 직위를 필수로 이수해야 하므로 야전부대 현장 감각을 유지하며 리더십 함양에도 힘써야 합니다. | G81: 31 | H81: 34 | I81: 38 | J81: 46 | K81: 43 | L81: 37 | U81: 1bgJ5CtVF0VY7APCpWZkb-XBBBW6tpA_C | V81: https://drive.google.com/file/d/1bgJ5CtVF0VY7APCpWZkb-XBBBW6tpA_C/view?usp=drivesdk | W81: =HYPERLINK("https://drive.google.com/file/d/1bgJ5CtVF0VY7APCpWZkb-XBBBW6tpA_C/view?usp=drivesdk","쏘가리_진로적성검사_2026") -> 쏘가리_진로적성검사_2026 | X81: Document successfully created; Document successfully merged; PDF created; Run via form trigger as jeongjinung4@gmail.com; Timestamp: Aug 13, 2026 8:45 PM | AA81: SENT | AB81: 46248.407
A82: 신수호 | B82: 2024 | C82: INFP | D82: suhosin0515@naver.com | E82: 리더형(E) | F82: 귀하의 검사 결과, 리더형(E) 성향이 강하게 나타났습니다. 리더십과 의사결정 능력(협의, 조정)이 뛰어나며, 조직을 이끌고 목표를 달성하는 데 강점을 가진 유형입니다. 또한 이 유형은 상황을 빠르게 파악하고 방향을 설정하여 조직을 이끄는 능력이 뛰어나며, 부하들을 동기부여하고 목표 달성을 위해 자원을 효과적으로 배분하는 데 능숙합니다. 군에서는 이러한 성향이 지휘관 역할과 직결됩니다. 귀하에게는 보병, 포병, 기갑 등 모든 전투 병과에서의 전투부대 지휘 역할에 적합하여 조직 관리 능력을 발휘할 수 있습니다. 전문인력 분야에서는 정책전문, 국제전문(무관 등), 획득전문(방위사업 관련) 분야가 적합합니다. 향후에는 단순한 리더십을 넘어 전문성과 현장 이해를 함께 갖추는 것이 중요합니다. 야전·실무형(R,현장감각)이나 관계형(S,대인관계) 성향을 보완한다면 더욱 균형 잡힌 지휘관으로 성장할 수 있습니다. 또한 전투병과 장교는 지휘관과 참모직위를 모두 이수해야 하므로 참모로서의 섬세함과 업무관리 능력을 함양해야 한다. | G82: 28 | H82: 32 | I82: 31 | J82: 36 | K82: 37 | L82: 36 | U82: 1rnCzVMVA-58IiojmB5xm97LieqvfdmH4 | V82: https://drive.google.com/file/d/1rnCzVMVA-58IiojmB5xm97LieqvfdmH4/view?usp=drivesdk | W82: =HYPERLINK("https://drive.google.com/file/d/1rnCzVMVA-58IiojmB5xm97LieqvfdmH4/view?usp=drivesdk","신수호_진로적성검사_2026") -> 신수호_진로적성검사_2026 | X82: Document successfully created; Document successfully merged; PDF created; Run via form trigger as jeongjinung4@gmail.com; Timestamp: Aug 13, 2026 8:46 PM | AA82: SENT | AB82: 46248.407
A83: 류지원 | B83: 2024 | C83: ISTP | D83: leoryoo@naver.com | E83: 기술·분석형(I) | F83: 귀하의 검사 결과, 기술·분석형(I) 성향이 중심적으로 나타났습니다. 분석적 사고와 문제 해결 능력이 뛰어나며, 복잡한 시스템과 정보를 이해하고 활용하는 데 강점을 지닌 유형입니다. 군에서는 이러한 능력이 정보전, 기술전, 미래전 수행에 핵심적으로 활용됩니다. 귀하에게는 정보, 정보통신, 화학 병과 등이 특히 적합하며, 기술적 분석이 요구되는 공병 및 항공 분야에서도 역량을 발휘할 수 있습니다. 전문인력 분야에서는 사이버, 연구개발, 국방분석 등 특수전문 영역이 적합하며, 정책전문이나 국제전문 분야에서도 분석 기반 의사결정 능력을 활용할 수 있습니다. 향후에는 기술적 이해뿐 아니라 야전에서 실제 적용 능력을 함께 강화하는 것이 중요합니다. 야전·실무형(R, 현장감각)이나 행정관리형(C, 체계적 업무수행) 성향을 보완한다면 실무와 분석을 겸비한 핵심 인재로 성장할 수 있습니다. 그러나 현상 분석에 집중하는 경향으로 인해 의사결정이 지연되거나 실행력이 부족해질 수 있음을 유의해야 합니다. 위에서 추천드린 병과 역시 지휘관 직위를 필수로 이수해야 하므로 야전부대 현장 감각을 유지하고 의사소통 및 대인관계 형성과 같은 리더십을 함양에도 힘써야 합니다. | G83: 40 | H83: 55 | I83: 49 | J83: 51 | K83: 43 | L83: 40 | U83: 1O21_wMF9bgKcJRyqaS-gQmFLWABVm02n | V83: https://drive.google.com/file/d/1O21_wMF9bgKcJRyqaS-gQmFLWABVm02n/view?usp=drivesdk | W83: =HYPERLINK("https://drive.google.com/file/d/1O21_wMF9bgKcJRyqaS-gQmFLWABVm02n/view?usp=drivesdk","류지원_진로적성검사_2026") -> 류지원_진로적성검사_2026 | X83: Document successfully created; Document successfully merged; PDF created; Run via form trigger as jeongjinung4@gmail.com; Timestamp: Aug 13, 2026 8:46 PM | AA83: SENT | AB83: 46248.408
A84: 심유현 | B84: 2025 | C84: ENFJ | D84: syhyun0312@naver.com | E84: 창의형(A) | F84: 귀하의 진로적성검사 결과, 창의형(A) 성향이 높게 나타났습니다. 창의적인 표현과 방법, 새로운 아이디어를 통해 조직에 활력을 불어넣는 역할을 합니다. 군 조직에서는 이러한 성향이 장병 사기진작, 홍보, 심리전, 문화 활동 등에서 중요한 의미를 갖습니다. 귀하에게는 전투병과 인사특기,정훈병과가 적합하며, 인사근무 및 사기진작 활동, 영상 제작 및 콘텐츠 기획을 통한 군 홍보활동 등의 분야에서 강점을 발휘할 수 있습니다. 또한 인사행정이나 군사경찰 기능 중 일부 분야에서도 창의적 역할을 수행할 수 있습니다. 전문인력 분야에서는 정책전문(국방정책 홍보) 또는 국방홍보원 등의 미디어 분야로의 확장이 가능합니다. 군 조직 특성상 기본적인 규율과 체계 적응이 중요하므로, 행정관리형(C, 규율중시, 정확성)이나 관계형(S, 협업관계) 역량을 함께 보완한다면 보다 안정적인 성과를 낼 수 있습니다. 위에서 추천드린 전투병과(인사특기), 군사경찰 병과 역시 지휘관 직위를 필수로 이수해야 하므로 야전부대 현장 감각을 유지하고 의사소통 및 대인관계 형성과 같은 리더십을 함양에도 힘써야 합니다. | G84: 36 | H84: 38 | I84: 40 | J84: 39 | K84: 39 | L84: 39 | U84: 1KhbVRK7dX2oQzPDmqve-Y-D-mxf_zdkQ | V84: https://drive.google.com/file/d/1KhbVRK7dX2oQzPDmqve-Y-D-mxf_zdkQ/view?usp=drivesdk | W84: =HYPERLINK("https://drive.google.com/file/d/1KhbVRK7dX2oQzPDmqve-Y-D-mxf_zdkQ/view?usp=drivesdk","심유현_진로적성검사_2026") -> 심유현_진로적성검사_2026 | X84: Document successfully created; Document successfully merged; PDF created; Run via form trigger as jeongjinung4@gmail.com; Timestamp: Aug 13, 2026 8:46 PM | AA84: SENT | AB84: 46248.408
A85: 데시벨 | B85: 2023 | C85: estp | D85: neymarr11@naver.com | E85: 창의형(A) | F85: 귀하의 진로적성검사 결과, 창의형(A) 성향이 높게 나타났습니다. 창의적인 표현과 방법, 새로운 아이디어를 통해 조직에 활력을 불어넣는 역할을 합니다. 군 조직에서는 이러한 성향이 장병 사기진작, 홍보, 심리전, 문화 활동 등에서 중요한 의미를 갖습니다. 귀하에게는 전투병과 인사특기,정훈병과가 적합하며, 인사근무 및 사기진작 활동, 영상 제작 및 콘텐츠 기획을 통한 군 홍보활동 등의 분야에서 강점을 발휘할 수 있습니다. 또한 인사행정이나 군사경찰 기능 중 일부 분야에서도 창의적 역할을 수행할 수 있습니다. 전문인력 분야에서는 정책전문(국방정책 홍보) 또는 국방홍보원 등의 미디어 분야로의 확장이 가능합니다. 군 조직 특성상 기본적인 규율과 체계 적응이 중요하므로, 행정관리형(C, 규율중시, 정확성)이나 관계형(S, 협업관계) 역량을 함께 보완한다면 보다 안정적인 성과를 낼 수 있습니다. 위에서 추천드린 전투병과(인사특기), 군사경찰 병과 역시 지휘관 직위를 필수로 이수해야 하므로 야전부대 현장 감각을 유지하고 의사소통 및 대인관계 형성과 같은 리더십을 함양에도 힘써야 합니다. | G85: 24 | H85: 39 | I85: 48 | J85: 47 | K85: 44 | L85: 40 | U85: 1okZROikKJa9NlTIcaWbXi_Tmyr8fQvZA | V85: https://drive.google.com/file/d/1okZROikKJa9NlTIcaWbXi_Tmyr8fQvZA/view?usp=drivesdk | W85: =HYPERLINK("https://drive.google.com/file/d/1okZROikKJa9NlTIcaWbXi_Tmyr8fQvZA/view?usp=drivesdk","데시벨_진로적성검사_2026") -> 데시벨_진로적성검사_2026 | X85: Document successfully created; Document successfully merged; PDF created; Run via form trigger as jeongjinung4@gmail.com; Timestamp: Aug 13, 2026 8:46 PM | AA85: SENT | AB85: 46248.408
A86: 임경수 | B86: 2023 | C86: ENTJ | D86: ksoo1397@gmail.com | E86: 행정·관리형(C) | F86: 귀하의 진로적성검사 결과, 행정·관리형(C) 성향이 중심적으로 나타났습니다. 체계적인 관리와 정확한 업무 수행에 강점을 가진 유형으로, 군 조직의 안정적 운영을 유지하는 데 필수적인 역할을 담당합니다. 귀하에게는 인사행정, 재정, 군수, 병참, 병기, 군사경찰, 법무 분야가 적합합니다. 전문인력 분야에서는 정책전문(행정 및 제도, 인력운영), 획득전문(방산 계약 및 관리), 기술전문(체계 운영), 특수전문(국방분석) 분야가 적합합니다. 향후에는 정확성과 함께 상황 대응 능력을 함께 강화하는 것이 중요합니다. 야전·실무형(R, 현장감각, 창의적 사고 및 표현) 또는 기술·분석형(I, 분석능력) 성향을 보완하면 보다 실무 중심의 경쟁력을 갖출 수 있습니다. 위에서 추천드린 기술병과, 행정병과(군사경찰)는 지휘관 직위를 필수로 이수해야 하므로 현장 감각을 유지하며 리더십 함양에도 힘써야 합니다. | G86: 44 | H86: 46 | I86: 49 | J86: 46 | K86: 49 | L86: 50 | U86: 1zi12ungjPdVEQjpWhefbJm1q3UGKCXkR | V86: https://drive.google.com/file/d/1zi12ungjPdVEQjpWhefbJm1q3UGKCXkR/view?usp=drivesdk | W86: =HYPERLINK("https://drive.google.com/file/d/1zi12ungjPdVEQjpWhefbJm1q3UGKCXkR/view?usp=drivesdk","임경수_진로적성검사_2026") -> 임경수_진로적성검사_2026 | X86: Document successfully created; Document successfully merged; PDF created; Run via form trigger as jeongjinung4@gmail.com; Timestamp: Aug 13, 2026 8:46 PM | AA86: SENT | AB86: 46248.408
A87: 김홍기 | B87: 2026 | C87: istj | D87: moo70085@gmail.com | E87: 리더형(E) | F87: 귀하의 검사 결과, 리더형(E) 성향이 강하게 나타났습니다. 리더십과 의사결정 능력(협의, 조정)이 뛰어나며, 조직을 이끌고 목표를 달성하는 데 강점을 가진 유형입니다. 또한 이 유형은 상황을 빠르게 파악하고 방향을 설정하여 조직을 이끄는 능력이 뛰어나며, 부하들을 동기부여하고 목표 달성을 위해 자원을 효과적으로 배분하는 데 능숙합니다. 군에서는 이러한 성향이 지휘관 역할과 직결됩니다. 귀하에게는 보병, 포병, 기갑 등 모든 전투 병과에서의 전투부대 지휘 역할에 적합하여 조직 관리 능력을 발휘할 수 있습니다. 전문인력 분야에서는 정책전문, 국제전문(무관 등), 획득전문(방위사업 관련) 분야가 적합합니다. 향후에는 단순한 리더십을 넘어 전문성과 현장 이해를 함께 갖추는 것이 중요합니다. 야전·실무형(R,현장감각)이나 관계형(S,대인관계) 성향을 보완한다면 더욱 균형 잡힌 지휘관으로 성장할 수 있습니다. 또한 전투병과 장교는 지휘관과 참모직위를 모두 이수해야 하므로 참모로서의 섬세함과 업무관리 능력을 함양해야 한다. | G87: 49 | H87: 50 | I87: 33 | J87: 50 | K87: 52 | L87: 49 | U87: 1CeVO9lT26dsl6j62O-nWMIhNymdj4EM1 | V87: https://drive.google.com/file/d/1CeVO9lT26dsl6j62O-nWMIhNymdj4EM1/view?usp=drivesdk | W87: =HYPERLINK("https://drive.google.com/file/d/1CeVO9lT26dsl6j62O-nWMIhNymdj4EM1/view?usp=drivesdk","김홍기_진로적성검사_2026") -> 김홍기_진로적성검사_2026 | X87: Document successfully created; Document successfully merged; PDF created; Run via form trigger as jeongjinung4@gmail.com; Timestamp: Aug 13, 2026 8:47 PM | AA87: SENT | AB87: 46248.408
A88: 유광현 | B88: 2017 | C88: istj | D88: ssss2010@naver.com | E88: 야전·실무형(R) | F88: 귀하의 진로적성검사 결과를 종합하면 야전·실무형(R) 성향이 두드러지며, 이는 장비 운용과 현장 중심의 임무 수행에서 강점을 보이는 전형적인 야전형 장교로 성장할 가능성을 의미합니다. 이러한 성향은 군 환경에서 전투장비 운용과 유지관리, 전술적 운용, 병력 통제 등 실제 전투력과 직결되는 분야에서 특히 중요한 역할을 하며, 전투장비를 운용하는 보병(기보)·포병·기갑·방공·육군항공과 같은 전투임무 위주 병과뿐 아니라 공병, 정보통신,화학 등 기술 기반 병과에서도 높은 적합성을 보입니다. 전투병과 특기 선택시는 작전, 군수, 획득분야가 가장 적합합니다. 또한 군수, 병기, 병참, 수송 분야에서도 장비 관리와 운용 능력을 효과적으로 발휘할 수 있습니다. 전문인력 분야로는 통신·공병 등 기술 전문 분야나 무기체계 획득 및 관리와 같은 획득 전문 영역, 장비 중심 연구개발 분야에서도 발전 가능성이 큽니다. 현실형 장교는 전투 및 훈련 상황에서 빠르고 정확한 판단과 실행력을 바탕으로 가시적인 성과를 창출하며, 부하들에게 신뢰를 주는 장점이 있습니다. 다만 단기적 실행에 집중하는 경향으로 인해 장기적 안목 형성과 체계적인 기획 능력, 세밀한 의사소통, 유연한 상황 대응 및 병사 개개인에 대한 심리적 관리 측면에서는 보완이 필요합니다. 따라서 리더형(E, 리더십)이나 행정관리형(C, 정확한 업무수행) 성향을 함께 강화한다면 더욱 높은 성과를 기대할 수 있습니다. | G88: 43 | H88: 43 | I88: 26 | J88: 37 | K88: 32 | L88: 35 | U88: 1zmlz2UO0S07Apz_jPcDt5uht1KlIiJfT | V88: https://drive.google.com/file/d/1zmlz2UO0S07Apz_jPcDt5uht1KlIiJfT/view?usp=drivesdk | W88: =HYPERLINK("https://drive.google.com/file/d/1zmlz2UO0S07Apz_jPcDt5uht1KlIiJfT/view?usp=drivesdk","유광현_진로적성검사_2026") -> 유광현_진로적성검사_2026 | X88: Document successfully created; Document successfully merged; PDF created; Run via form trigger as jeongjinung4@gmail.com; Timestamp: Aug 13, 2026 8:47 PM | AA88: SENT | AB88: 46248.408
A89: 도현준 | B89: 2026 | C89: 해본적 없음 | D89: dhj2188@naver.com | E89: 기술·분석형(I) | F89: 귀하의 검사 결과, 기술·분석형(I) 성향이 중심적으로 나타났습니다. 분석적 사고와 문제 해결 능력이 뛰어나며, 복잡한 시스템과 정보를 이해하고 활용하는 데 강점을 지닌 유형입니다. 군에서는 이러한 능력이 정보전, 기술전, 미래전 수행에 핵심적으로 활용됩니다. 귀하에게는 정보, 정보통신, 화학 병과 등이 특히 적합하며, 기술적 분석이 요구되는 공병 및 항공 분야에서도 역량을 발휘할 수 있습니다. 전문인력 분야에서는 사이버, 연구개발, 국방분석 등 특수전문 영역이 적합하며, 정책전문이나 국제전문 분야에서도 분석 기반 의사결정 능력을 활용할 수 있습니다. 향후에는 기술적 이해뿐 아니라 야전에서 실제 적용 능력을 함께 강화하는 것이 중요합니다. 야전·실무형(R, 현장감각)이나 행정관리형(C, 체계적 업무수행) 성향을 보완한다면 실무와 분석을 겸비한 핵심 인재로 성장할 수 있습니다. 그러나 현상 분석에 집중하는 경향으로 인해 의사결정이 지연되거나 실행력이 부족해질 수 있음을 유의해야 합니다. 위에서 추천드린 병과 역시 지휘관 직위를 필수로 이수해야 하므로 야전부대 현장 감각을 유지하고 의사소통 및 대인관계 형성과 같은 리더십을 함양에도 힘써야 합니다. | G89: 59 | H89: 60 | I89: 41 | J89: 59 | K89: 59 | L89: 58 | U89: 1vO_BtKLFP4glmTDJhWqGm4RMgKZHYbFB | V89: https://drive.google.com/file/d/1vO_BtKLFP4glmTDJhWqGm4RMgKZHYbFB/view?usp=drivesdk | W89: =HYPERLINK("https://drive.google.com/file/d/1vO_BtKLFP4glmTDJhWqGm4RMgKZHYbFB/view?usp=drivesdk","도현준_진로적성검사_2026") -> 도현준_진로적성검사_2026 | X89: Document successfully created; Document successfully merged; PDF created; Run via form trigger as jeongjinung4@gmail.com; Timestamp: Aug 13, 2026 8:47 PM | AA89: SENT | AB89: 46248.408
A90: 중위 김이삭 | B90: 2025 | C90: ESTP | D90: showme2589@naver.com | E90: 관계형(S) | F90: 귀하의 검사 결과, 관계형(S) 성향이 중심적으로 나타났습니다. 사람을 이해하고 돕는 데 강점을 가진 유형으로, 조직 내 안정과 협력을 이끄는 중요한 역할을 수행합니다. 귀하에게는 전투병과(인사특기, 작전특기), 인사행정, 정훈, 군의, 의정, 간호 분야가 적합하여, 대인관계 중심 역할에서 역량을 발휘할 수 있습니다. 전문인력 분야에서는 정책전문(교육, 복지 및 인사 정책), 국제전문(협력 및 교류), 교육·교수 중심의 특수전문 분야가 적합합니다. 향후에는 조직 운영 능력을 강화하는 것이 중요합니다. 야전·실무형(R, 병력 및 장비운용)과 리더형(E,리더십) 성향을 함께 발전시키면 지휘 및 관리 역할에서도 큰 강점을 발휘할 수 있습니다. 위에서 추천드린 전투병과(인사특기, 작전특기)는 지휘관 직위를 필수로 이수해야 하므로 야전부대 현장 감각을 유지하며 리더십 함양에도 힘써야 합니다. | G90: 42 | H90: 43 | I90: 33 | J90: 51 | K90: 49 | L90: 47 | U90: 1k1O72Mhg8U0RWxg8ygrKOtDdVBSEUoWr | V90: https://drive.google.com/file/d/1k1O72Mhg8U0RWxg8ygrKOtDdVBSEUoWr/view?usp=drivesdk | W90: =HYPERLINK("https://drive.google.com/file/d/1k1O72Mhg8U0RWxg8ygrKOtDdVBSEUoWr/view?usp=drivesdk","중위 김이삭_진로적성검사_2026") -> 중위 김이삭_진로적성검사_2026 | X90: Document successfully created; Document successfully merged; PDF created; Run via form trigger as jeongjinung4@gmail.com; Timestamp: Aug 13, 2026 8:48 PM | AA90: SENT | AB90: 46248.409
A91: 나0리 | B91: 2024 | C91: ISFP | D91: 0hyeri713@naver.com | E91: 관계형(S) | F91: 귀하의 검사 결과, 관계형(S) 성향이 중심적으로 나타났습니다. 사람을 이해하고 돕는 데 강점을 가진 유형으로, 조직 내 안정과 협력을 이끄는 중요한 역할을 수행합니다. 귀하에게는 전투병과(인사특기, 작전특기), 인사행정, 정훈, 군의, 의정, 간호 분야가 적합하여, 대인관계 중심 역할에서 역량을 발휘할 수 있습니다. 전문인력 분야에서는 정책전문(교육, 복지 및 인사 정책), 국제전문(협력 및 교류), 교육·교수 중심의 특수전문 분야가 적합합니다. 향후에는 조직 운영 능력을 강화하는 것이 중요합니다. 야전·실무형(R, 병력 및 장비운용)과 리더형(E,리더십) 성향을 함께 발전시키면 지휘 및 관리 역할에서도 큰 강점을 발휘할 수 있습니다. 위에서 추천드린 전투병과(인사특기, 작전특기)는 지휘관 직위를 필수로 이수해야 하므로 야전부대 현장 감각을 유지하며 리더십 함양에도 힘써야 합니다. | G91: 27 | H91: 31 | I91: 36 | J91: 40 | K91: 35 | L91: 34 | U91: 1c3bGLFbsDzRziYIzKSuhIvs4GY0lUWFT | V91: https://drive.google.com/file/d/1c3bGLFbsDzRziYIzKSuhIvs4GY0lUWFT/view?usp=drivesdk | W91: =HYPERLINK("https://drive.google.com/file/d/1c3bGLFbsDzRziYIzKSuhIvs4GY0lUWFT/view?usp=drivesdk","나0리_진로적성검사_2026") -> 나0리_진로적성검사_2026 | X91: Document successfully created; Document successfully merged; PDF created; Run via form trigger as jeongjinung4@gmail.com; Timestamp: Aug 13, 2026 8:49 PM | AA91: SENT | AB91: 46248.409
A92: 송지환 | B92: 2026 | C92: INFP | D92: skacc@naver.com | E92: 관계형(S) | F92: 귀하의 검사 결과, 관계형(S) 성향이 중심적으로 나타났습니다. 사람을 이해하고 돕는 데 강점을 가진 유형으로, 조직 내 안정과 협력을 이끄는 중요한 역할을 수행합니다. 귀하에게는 전투병과(인사특기, 작전특기), 인사행정, 정훈, 군의, 의정, 간호 분야가 적합하여, 대인관계 중심 역할에서 역량을 발휘할 수 있습니다. 전문인력 분야에서는 정책전문(교육, 복지 및 인사 정책), 국제전문(협력 및 교류), 교육·교수 중심의 특수전문 분야가 적합합니다. 향후에는 조직 운영 능력을 강화하는 것이 중요합니다. 야전·실무형(R, 병력 및 장비운용)과 리더형(E,리더십) 성향을 함께 발전시키면 지휘 및 관리 역할에서도 큰 강점을 발휘할 수 있습니다. 위에서 추천드린 전투병과(인사특기, 작전특기)는 지휘관 직위를 필수로 이수해야 하므로 야전부대 현장 감각을 유지하며 리더십 함양에도 힘써야 합니다. | G92: 37 | H92: 34 | I92: 37 | J92: 42 | K92: 35 | L92: 37 | U92: 1B9g60_qBq1kKdjVEUr_EbuRXyC1G1ptK | V92: https://drive.google.com/file/d/1B9g60_qBq1kKdjVEUr_EbuRXyC1G1ptK/view?usp=drivesdk | W92: =HYPERLINK("https://drive.google.com/file/d/1B9g60_qBq1kKdjVEUr_EbuRXyC1G1ptK/view?usp=drivesdk","송지환_진로적성검사_2026") -> 송지환_진로적성검사_2026 | X92: Document successfully created; Document successfully merged; PDF created; Run via form trigger as jeongjinung4@gmail.com; Timestamp: Aug 13, 2026 8:49 PM | AA92: SENT | AB92: 46248.409
A93: 염태균 | B93: 2020 | C93: INFP | D93: taegyun211@naver.com | E93: 관계형(S) | F93: 귀하의 검사 결과, 관계형(S) 성향이 중심적으로 나타났습니다. 사람을 이해하고 돕는 데 강점을 가진 유형으로, 조직 내 안정과 협력을 이끄는 중요한 역할을 수행합니다. 귀하에게는 전투병과(인사특기, 작전특기), 인사행정, 정훈, 군의, 의정, 간호 분야가 적합하여, 대인관계 중심 역할에서 역량을 발휘할 수 있습니다. 전문인력 분야에서는 정책전문(교육, 복지 및 인사 정책), 국제전문(협력 및 교류), 교육·교수 중심의 특수전문 분야가 적합합니다. 향후에는 조직 운영 능력을 강화하는 것이 중요합니다. 야전·실무형(R, 병력 및 장비운용)과 리더형(E,리더십) 성향을 함께 발전시키면 지휘 및 관리 역할에서도 큰 강점을 발휘할 수 있습니다. 위에서 추천드린 전투병과(인사특기, 작전특기)는 지휘관 직위를 필수로 이수해야 하므로 야전부대 현장 감각을 유지하며 리더십 함양에도 힘써야 합니다. | G93: 37 | H93: 24 | I93: 32 | J93: 39 | K93: 31 | L93: 28 | U93: 1l7h8GxH8FxHUSFyZ2HnHf5VWapvKSnFU | V93: https://drive.google.com/file/d/1l7h8GxH8FxHUSFyZ2HnHf5VWapvKSnFU/view?usp=drivesdk | W93: =HYPERLINK("https://drive.google.com/file/d/1l7h8GxH8FxHUSFyZ2HnHf5VWapvKSnFU/view?usp=drivesdk","염태균_진로적성검사_2026") -> 염태균_진로적성검사_2026 | X93: Document successfully created; Document successfully merged; PDF created; Run via form trigger as jeongjinung4@gmail.com; Timestamp: Aug 13, 2026 8:50 PM | AA93: SENT | AB93: 46248.41
A94: 박수훈 | B94: 2024 | C94: ISFP | D94: qkrtngns0826@naver.com | E94: 리더형(E) | F94: 귀하의 검사 결과, 리더형(E) 성향이 강하게 나타났습니다. 리더십과 의사결정 능력(협의, 조정)이 뛰어나며, 조직을 이끌고 목표를 달성하는 데 강점을 가진 유형입니다. 또한 이 유형은 상황을 빠르게 파악하고 방향을 설정하여 조직을 이끄는 능력이 뛰어나며, 부하들을 동기부여하고 목표 달성을 위해 자원을 효과적으로 배분하는 데 능숙합니다. 군에서는 이러한 성향이 지휘관 역할과 직결됩니다. 귀하에게는 보병, 포병, 기갑 등 모든 전투 병과에서의 전투부대 지휘 역할에 적합하여 조직 관리 능력을 발휘할 수 있습니다. 전문인력 분야에서는 정책전문, 국제전문(무관 등), 획득전문(방위사업 관련) 분야가 적합합니다. 향후에는 단순한 리더십을 넘어 전문성과 현장 이해를 함께 갖추는 것이 중요합니다. 야전·실무형(R,현장감각)이나 관계형(S,대인관계) 성향을 보완한다면 더욱 균형 잡힌 지휘관으로 성장할 수 있습니다. 또한 전투병과 장교는 지휘관과 참모직위를 모두 이수해야 하므로 참모로서의 섬세함과 업무관리 능력을 함양해야 한다. | G94: 41 | H94: 43 | I94: 36 | J94: 44 | K94: 46 | L94: 45 | U94: 1fpVXc84wDvcGvpXhaDDYqGNDNNOCO7LB | V94: https://drive.google.com/file/d/1fpVXc84wDvcGvpXhaDDYqGNDNNOCO7LB/view?usp=drivesdk | W94: =HYPERLINK("https://drive.google.com/file/d/1fpVXc84wDvcGvpXhaDDYqGNDNNOCO7LB/view?usp=drivesdk","박수훈_진로적성검사_2026") -> 박수훈_진로적성검사_2026 | X94: Document successfully created; Document successfully merged; PDF created; Run via form trigger as jeongjinung4@gmail.com; Timestamp: Aug 13, 2026 8:50 PM | AA94: SENT | AB94: 46248.41
A95: 송민지 | B95: 2026 | C95: ESFP | D95: alswl6541@naver.com | E95: 관계형(S) | F95: 귀하의 검사 결과, 관계형(S) 성향이 중심적으로 나타났습니다. 사람을 이해하고 돕는 데 강점을 가진 유형으로, 조직 내 안정과 협력을 이끄는 중요한 역할을 수행합니다. 귀하에게는 전투병과(인사특기, 작전특기), 인사행정, 정훈, 군의, 의정, 간호 분야가 적합하여, 대인관계 중심 역할에서 역량을 발휘할 수 있습니다. 전문인력 분야에서는 정책전문(교육, 복지 및 인사 정책), 국제전문(협력 및 교류), 교육·교수 중심의 특수전문 분야가 적합합니다. 향후에는 조직 운영 능력을 강화하는 것이 중요합니다. 야전·실무형(R, 병력 및 장비운용)과 리더형(E,리더십) 성향을 함께 발전시키면 지휘 및 관리 역할에서도 큰 강점을 발휘할 수 있습니다. 위에서 추천드린 전투병과(인사특기, 작전특기)는 지휘관 직위를 필수로 이수해야 하므로 야전부대 현장 감각을 유지하며 리더십 함양에도 힘써야 합니다. | G95: 40 | H95: 38 | I95: 49 | J95: 58 | K95: 50 | L95: 45 | U95: 1XbWZA1RbgCnIyXuyavCCADbkJjLutlwX | V95: https://drive.google.com/file/d/1XbWZA1RbgCnIyXuyavCCADbkJjLutlwX/view?usp=drivesdk | W95: =HYPERLINK("https://drive.google.com/file/d/1XbWZA1RbgCnIyXuyavCCADbkJjLutlwX/view?usp=drivesdk","송민지_진로적성검사_2026") -> 송민지_진로적성검사_2026 | X95: Document successfully created; Document successfully merged; PDF created; Run via form trigger as jeongjinung4@gmail.com; Timestamp: Aug 13, 2026 8:50 PM | AA95: SENT | AB95: 46248.411
A96: 한희원 | B96: 2025 | C96: INFP | D96: 0627won@naver.com | E96: 관계형(S) | F96: 귀하의 검사 결과, 관계형(S) 성향이 중심적으로 나타났습니다. 사람을 이해하고 돕는 데 강점을 가진 유형으로, 조직 내 안정과 협력을 이끄는 중요한 역할을 수행합니다. 귀하에게는 전투병과(인사특기, 작전특기), 인사행정, 정훈, 군의, 의정, 간호 분야가 적합하여, 대인관계 중심 역할에서 역량을 발휘할 수 있습니다. 전문인력 분야에서는 정책전문(교육, 복지 및 인사 정책), 국제전문(협력 및 교류), 교육·교수 중심의 특수전문 분야가 적합합니다. 향후에는 조직 운영 능력을 강화하는 것이 중요합니다. 야전·실무형(R, 병력 및 장비운용)과 리더형(E,리더십) 성향을 함께 발전시키면 지휘 및 관리 역할에서도 큰 강점을 발휘할 수 있습니다. 위에서 추천드린 전투병과(인사특기, 작전특기)는 지휘관 직위를 필수로 이수해야 하므로 야전부대 현장 감각을 유지하며 리더십 함양에도 힘써야 합니다. | G96: 31 | H96: 31 | I96: 29 | J96: 33 | K96: 32 | L96: 30 | U96: 1z9ys61YkZLmCfkgOCkZX5Vnv2coqpLHn | V96: https://drive.google.com/file/d/1z9ys61YkZLmCfkgOCkZX5Vnv2coqpLHn/view?usp=drivesdk | W96: =HYPERLINK("https://drive.google.com/file/d/1z9ys61YkZLmCfkgOCkZX5Vnv2coqpLHn/view?usp=drivesdk","한희원_진로적성검사_2026") -> 한희원_진로적성검사_2026 | X96: Document successfully created; Document successfully merged; PDF created; Manually run by jeongjinung4@gmail.com; Timestamp: Aug 13, 2026 11:32 PM | AA96: SENT | AB96: 46248.412
A97: 이윤주 | B97: 2023 | C97: ISFJ | D97: aba3377@naver.com | E97: 관계형(S) | F97: 귀하의 검사 결과, 관계형(S) 성향이 중심적으로 나타났습니다. 사람을 이해하고 돕는 데 강점을 가진 유형으로, 조직 내 안정과 협력을 이끄는 중요한 역할을 수행합니다. 귀하에게는 전투병과(인사특기, 작전특기), 인사행정, 정훈, 군의, 의정, 간호 분야가 적합하여, 대인관계 중심 역할에서 역량을 발휘할 수 있습니다. 전문인력 분야에서는 정책전문(교육, 복지 및 인사 정책), 국제전문(협력 및 교류), 교육·교수 중심의 특수전문 분야가 적합합니다. 향후에는 조직 운영 능력을 강화하는 것이 중요합니다. 야전·실무형(R, 병력 및 장비운용)과 리더형(E,리더십) 성향을 함께 발전시키면 지휘 및 관리 역할에서도 큰 강점을 발휘할 수 있습니다. 위에서 추천드린 전투병과(인사특기, 작전특기)는 지휘관 직위를 필수로 이수해야 하므로 야전부대 현장 감각을 유지하며 리더십 함양에도 힘써야 합니다. | G97: 36 | H97: 37 | I97: 46 | J97: 60 | K97: 47 | L97: 52 | U97: 1sLXi4Emb62BqZxVV7-85I5cXMzzFtEHZ | V97: https://drive.google.com/file/d/1sLXi4Emb62BqZxVV7-85I5cXMzzFtEHZ/view?usp=drivesdk | W97: =HYPERLINK("https://drive.google.com/file/d/1sLXi4Emb62BqZxVV7-85I5cXMzzFtEHZ/view?usp=drivesdk","이윤주_진로적성검사_2026") -> 이윤주_진로적성검사_2026 | X97: Document successfully created; Document successfully merged; PDF created; Run via form trigger as jeongjinung4@gmail.com; Timestamp: Aug 13, 2026 9:03 PM | AA97: SENT | AB97: 46248.42
A98: 허성원 | B98: 2022 | C98: ESTJ | D98: hurcci1821@naver.com | E98: 관계형(S) | F98: 귀하의 검사 결과, 관계형(S) 성향이 중심적으로 나타났습니다. 사람을 이해하고 돕는 데 강점을 가진 유형으로, 조직 내 안정과 협력을 이끄는 중요한 역할을 수행합니다. 귀하에게는 전투병과(인사특기, 작전특기), 인사행정, 정훈, 군의, 의정, 간호 분야가 적합하여, 대인관계 중심 역할에서 역량을 발휘할 수 있습니다. 전문인력 분야에서는 정책전문(교육, 복지 및 인사 정책), 국제전문(협력 및 교류), 교육·교수 중심의 특수전문 분야가 적합합니다. 향후에는 조직 운영 능력을 강화하는 것이 중요합니다. 야전·실무형(R, 병력 및 장비운용)과 리더형(E,리더십) 성향을 함께 발전시키면 지휘 및 관리 역할에서도 큰 강점을 발휘할 수 있습니다. 위에서 추천드린 전투병과(인사특기, 작전특기)는 지휘관 직위를 필수로 이수해야 하므로 야전부대 현장 감각을 유지하며 리더십 함양에도 힘써야 합니다. | G98: 38 | H98: 41 | I98: 32 | J98: 43 | K98: 39 | L98: 41 | U98: 1QrpeyKB9ZvOvkW658jxe0FZaT1j2F5rh | V98: https://drive.google.com/file/d/1QrpeyKB9ZvOvkW658jxe0FZaT1j2F5rh/view?usp=drivesdk | W98: =HYPERLINK("https://drive.google.com/file/d/1QrpeyKB9ZvOvkW658jxe0FZaT1j2F5rh/view?usp=drivesdk","허성원_진로적성검사_2026") -> 허성원_진로적성검사_2026 | X98: Document successfully created; Document successfully merged; PDF created; Run via form trigger as jeongjinung4@gmail.com; Timestamp: Aug 13, 2026 9:06 PM | AA98: SENT | AB98: 46248.421
A99: 김태호 | B99: 2022 | C99: ENFP | D99: endxh1121@naver.com | E99: 야전·실무형(R) | F99: 귀하의 진로적성검사 결과를 종합하면 야전·실무형(R) 성향이 두드러지며, 이는 장비 운용과 현장 중심의 임무 수행에서 강점을 보이는 전형적인 야전형 장교로 성장할 가능성을 의미합니다. 이러한 성향은 군 환경에서 전투장비 운용과 유지관리, 전술적 운용, 병력 통제 등 실제 전투력과 직결되는 분야에서 특히 중요한 역할을 하며, 전투장비를 운용하는 보병(기보)·포병·기갑·방공·육군항공과 같은 전투임무 위주 병과뿐 아니라 공병, 정보통신,화학 등 기술 기반 병과에서도 높은 적합성을 보입니다. 전투병과 특기 선택시는 작전, 군수, 획득분야가 가장 적합합니다. 또한 군수, 병기, 병참, 수송 분야에서도 장비 관리와 운용 능력을 효과적으로 발휘할 수 있습니다. 전문인력 분야로는 통신·공병 등 기술 전문 분야나 무기체계 획득 및 관리와 같은 획득 전문 영역, 장비 중심 연구개발 분야에서도 발전 가능성이 큽니다. 현실형 장교는 전투 및 훈련 상황에서 빠르고 정확한 판단과 실행력을 바탕으로 가시적인 성과를 창출하며, 부하들에게 신뢰를 주는 장점이 있습니다. 다만 단기적 실행에 집중하는 경향으로 인해 장기적 안목 형성과 체계적인 기획 능력, 세밀한 의사소통, 유연한 상황 대응 및 병사 개개인에 대한 심리적 관리 측면에서는 보완이 필요합니다. 따라서 리더형(E, 리더십)이나 행정관리형(C, 정확한 업무수행) 성향을 함께 강화한다면 더욱 높은 성과를 기대할 수 있습니다. | G99: 56 | H99: 41 | I99: 46 | J99: 53 | K99: 52 | L99: 48 | U99: 17WCn0GQVJeGRipeuYhJISBNe8A0-VZTV | V99: https://drive.google.com/file/d/17WCn0GQVJeGRipeuYhJISBNe8A0-VZTV/view?usp=drivesdk | W99: =HYPERLINK("https://drive.google.com/file/d/17WCn0GQVJeGRipeuYhJISBNe8A0-VZTV/view?usp=drivesdk","김태호_진로적성검사_2026") -> 김태호_진로적성검사_2026 | X99: Document successfully created; Document successfully merged; PDF created; Run via form trigger as jeongjinung4@gmail.com; Timestamp: Aug 13, 2026 9:08 PM | AA99: SENT | AB99: 46248.423
A100: 정진우 | B100: 2024 | C100: INTP | D100: sky200303@gmail.com | E100: 관계형(S) | F100: 귀하의 검사 결과, 관계형(S) 성향이 중심적으로 나타났습니다. 사람을 이해하고 돕는 데 강점을 가진 유형으로, 조직 내 안정과 협력을 이끄는 중요한 역할을 수행합니다. 귀하에게는 전투병과(인사특기, 작전특기), 인사행정, 정훈, 군의, 의정, 간호 분야가 적합하여, 대인관계 중심 역할에서 역량을 발휘할 수 있습니다. 전문인력 분야에서는 정책전문(교육, 복지 및 인사 정책), 국제전문(협력 및 교류), 교육·교수 중심의 특수전문 분야가 적합합니다. 향후에는 조직 운영 능력을 강화하는 것이 중요합니다. 야전·실무형(R, 병력 및 장비운용)과 리더형(E,리더십) 성향을 함께 발전시키면 지휘 및 관리 역할에서도 큰 강점을 발휘할 수 있습니다. 위에서 추천드린 전투병과(인사특기, 작전특기)는 지휘관 직위를 필수로 이수해야 하므로 야전부대 현장 감각을 유지하며 리더십 함양에도 힘써야 합니다. | G100: 36 | H100: 40 | I100: 24 | J100: 50 | K100: 45 | L100: 46 | U100: 1zVxrLMfBxalMNLhXqMQuhi9lJQRRtYFI | V100: https://drive.google.com/file/d/1zVxrLMfBxalMNLhXqMQuhi9lJQRRtYFI/view?usp=drivesdk | W100: =HYPERLINK("https://drive.google.com/file/d/1zVxrLMfBxalMNLhXqMQuhi9lJQRRtYFI/view?usp=drivesdk","정진우_진로적성검사_2026") -> 정진우_진로적성검사_2026 | X100: Document successfully created; Document successfully merged; PDF created; Run via form trigger as jeongjinung4@gmail.com; Timestamp: Aug 13, 2026 9:09 PM | AA100: SENT | AB100: 46248.426
...

Sheet 설문시트
A1: 타임스탬프 | B1: 본인은 위에 제시된 개인정보 제공사항에 동의하십니까? | C1: 이름(별칭도 가능) | D1: 임관년도(형식 : 0000) | E1: MBTI (대문자로 표시) | F1: 이메일 (army.mil 불가) | G1: 제목 없는 질문 [군 장비(차량, 화기, 장비)를 직접 다루고 정비하는 것이 좋다] | H1: 제목 없는 질문 [군 장비나 시스템의 작동 원리를 분석하는 것이 흥미롭다] | I1: 제목 없는 질문 [군 홍보물, 영상, 디자인 작업에 관심이 있다] | J1: 제목 없는 질문 [동료나 후임을 도와주는 것에서 보람을 느낀다] | K1: 제목 없는 질문 [팀이나 분대를 이끄는 역할을 맡고 싶다] | L1: 제목 없는 질문 [군 행정업무(문서, 보고서 작성)를 정확하게 수행할 수 있다] | M1: 제목 없는 질문 [총기 등의 장비를 분해하고 내부 구조를 이해하는 것을 좋아한다] | N1: 제목 없는 질문 [데이터를 기반으로 상황을 분석하고 결론을 도출하는 것을 좋아한다] | O1: 제목 없는 질문 [창의적인 방식의 임무수행을 좋아한다] | P1: 제목 없는 질문 [부대원을 교육하거나 지도하는 역할에 관심이 있다] | Q1: 제목 없는 질문 [중요한 결정을 내리는 위치에 서고 싶다] | R1: 제목 없는 질문 [군 규정과 절차를 철저히 지키는 것이 중요하다고 생각한다] | S1: 제목 없는 질문 [실내 근무보다 야외에서 임무를 수행하는 것을 선호한다] | T1: 제목 없는 질문 [문제를 논리적으로 해결하는 데 자신이 있다] | U1: 제목 없는 질문 [사진 촬영이나 영상 편집에 흥미가 있다] | V1: 제목 없는 질문 [부대원의 고민을 잘 들어주고 공감하는 편이다] | W1: 제목 없는 질문 [명확한 목표를 세우고 부대원을 이끄는 데 자신 있다] | X1: 제목 없는 질문 [물자와 보급품을 체계적으로 관리할 수 있다] | Y1: 제목 없는 질문 [공구를 사용하여 전투장비나 시설을 수리하는 데 거부감이 없다] | Z1: 제목 없는 질문 [새로운 기술(IT, 무기체계 등)을 배우는 것이 즐겁다] | AA1: 제목 없는 질문 [음악, 공연, 문화 활동에 참여하는 것을 즐긴다] | AB1: 제목 없는 질문 [부대 내 분위기를 좋게 만드는 데 기여하고 싶다] | AC1: 제목 없는 질문 [부대원을 설득하고 동기를 부여할 수 있다] | AD1: 제목 없는 질문 [기록 및 정리 업무를 꼼꼼하게 수행할 수 있다] | AE1: 제목 없는 질문 [통신 장비나 케이블을 설치·점검하는 작업을 할 수 있다] | AF1: 제목 없는 질문 [작전 상황을 분석하고 미래를 예측하는 역할에 관심 있다] | AG1: 제목 없는 질문 [기존 방식보다 새로운 아이디어를 제시하는 편이다] | AH1: 제목 없는 질문 [전우애를 중요하게 생각한다] | AI1: 제목 없는 질문 [위기 상황에서 책임지고 판단할 수 있다] | AJ1: 제목 없는 질문 [반복적인 업무도 꾸준히 수행할 수 있다] | AK1: 제목 없는 질문 [반복적인 전투장비 점검 및 유지보수 작업을 수행할 수 있다] | AL1: 제목 없는 질문 [복잡한 문제도 끝까지 파고들어 해결하려는 성향이 있다] | AM1: 제목 없는 질문 [디자인이나 콘텐츠 제작 활동을 좋아한다] | AN1: 제목 없는 질문 [갈등 상황에서 중재하는 역할을 맡을 수 있다] | AO1: 제목 없는 질문 [경쟁 상황에서 앞서고 싶은 욕구가 강하다] | AP1: 제목 없는 질문 [숫자나 장부 관리에 자신이 있다] | AQ1: 제목 없는 질문 [몸을 쓰는 훈련이나 작업이 많은 임무를 선호한다] | AR1: 제목 없는 질문 [전투 장비나 지휘통제 시스템 운용 업무에 흥미가 있다] | AS1: 제목 없는 질문 [감정이나 생각을 표현하는 활동에 거리낌이 없다] | AT1: 제목 없는 질문 [다른 사람의 성장이나 적응을 돕는 일에 관심 있다] | AU1: 제목 없는 질문 [군대 조직 내에서 영향력을 발휘하고 싶다] | AV1: 제목 없는 질문 [계획된 일정에 따라 움직이는 것을 선호한다] | AW1: 제목 없는 질문 [전투장비 고장 시 원인을 직접 찾아 해결하는 것이 흥미롭다] | AX1: 제목 없는 질문 [정보 수집 후 이를 체계적으로 정리하고 분석할 수 있다] | AY1: 제목 없는 질문 [군의 틀에 박힌 방식보다 자유로운 표현을 선호한다] | AZ1: 제목 없는 질문 [부대원과 협력하여 문제를 해결하는 것을 선호한다] | BA1: 제목 없는 질문 [부대원 앞에서 발표하거나 지시하는 것이 어렵지 않다] | BB1: 제목 없는 질문 [실수 없이 정확하게 일을 처리하는 것이 중요하다] | BC1: 제목 없는 질문 [위험 요소가 있는 부대 현장 작업에서도 침착하게 임무를 수행할 수 있다] | BD1: 제목 없는 질문 [훈련간 발생한 문제의 원인과 결과를 따져보는 사고방식을 자주 사용한다] | BE1: 제목 없는 질문 [시각적 요소(포스터, 영상 등)에 관심이 많다] | BF1: 제목 없는 질문 [부대원들과 소통하는 것이 어렵지 않다] | BG1: 제목 없는 질문 [임무 달성을 위해 적극적으로 행동하는 편이다] | BH1: 제목 없는 질문 [체계적인 부대 시스템 속에서 일하는 것이 편하다] | BI1: 제목 없는 질문 [매뉴얼에 따라 장비를 정확하게 다루는 것이 중요하다고 생각한다] | BJ1: 제목 없는 질문 [단순 반복 업무보다 문제 해결 중심의 업무를 선호한다] | BK1: 제목 없는 질문 [부대 내에서 창의적인 역할을 맡고 싶다] | BL1: 제목 없는 질문 [부대 내에서 배려와 지원 역할을 자연스럽게 맡는다] | BM1: 제목 없는 질문 [지휘자(관)로서 인정받는 것에 동기부여를 느낀다] | BN1: 제목 없는 질문 [정해진 양식과 기준에 맞춰 일을 수행하는 것을 선호한다] | BO1: 제목 없는 질문 [장비 운용 시 안전과 임무 효율 사이의 균형을 고려할 수 있다] | BP1: 제목 없는 질문 [기술적 오류나 이상 징후를 논리적으로 추적해 원인을 규명하려 한다] | BQ1: 제목 없는 질문 [복잡한 메시지를 간결하고 인상적으로 표현하려 한다] | BR1: 제목 없는 질문 [계급 차이가 있어도 구성원의 의견을 존중하며 소통하려 한다] | BS1: 제목 없는 질문 [실패의 책임을 회피하기보다 스스로 감당하려는 태도를 가진다] | BT1: 제목 없는 질문 [규정 준수가 안전한 임무수행과 직결된다고 인식한다] | BU1: 제목 없는 질문 [장비 손실이나 고장 상황에서도 대체 수단을 빠르게 찾는 편이다] | BV1: 제목 없는 질문 [불완전한 정보 속에서도 상황을 추론하고 판단 근거를 만들 수 있다] | BW1: 제목 없는 질문 [정형화된 보고 방식 외에도 상황에 맞는 표현 방식을 고민한다] | BX1: 제목 없는 질문 [스트레스 상황에 놓인 부대원의 심리 상태를 빠르게 파악하려 한다] | BY1: 제목 없는 질문 [제한된 시간 내 우선순위를 설정하고 조직을 움직일 수 있다] | BZ1: 제목 없는 질문 [작은 행정 오류도 전체 임무에 영향을 줄 수 있다고 생각한다]
A2: 46246.372 | B2: 동의합니다. | C2: 최종혁 | D2: 2025 | E2: Intp | F2: jonghyeokchoi77@gmail.com | G2: 5 | H2: 5 | I2: 5 | J2: 5 | K2: 5 | L2: 5 | M2: 5 | N2: 5 | O2: 5 | P2: 5 | Q2: 5 | R2: 5 | S2: 5 | T2: 5 | U2: 5 | V2: 5 | W2: 5 | X2: 5 | Y2: 5 | Z2: 5 | AA2: ERROR: Invalid Email Address | AB2: 5 | AC2: 5 | AD2: 5 | AE2: 5 | AF2: 5 | AG2: 5 | AH2: 5 | AI2: 5 | AJ2: 5 | AK2: 5 | AL2: 5 | AM2: 5 | AN2: 5 | AO2: 5 | AP2: 5 | AQ2: 5 | AR2: 5 | AS2: 5 | AT2: 5 | AU2: 5 | AV2: 5 | AW2: 5 | AX2: 5 | AY2: 5 | AZ2: 5 | BA2: 5 | BB2: 5 | BC2: 5 | BD2: 5 | BE2: 5 | BF2: 5 | BG2: 5 | BH2: 5 | BI2: 5 | BJ2: 5 | BK2: 5 | BL2: 5 | BM2: 5 | BN2: 5 | BO2: 5 | BP2: 5 | BQ2: 5 | BR2: 5 | BS2: 5 | BT2: 5 | BU2: 5 | BV2: 5 | BW2: 5 | BX2: 5 | BY2: 5 | BZ2: 5
A3: 46247.57 | B3: 동의합니다. | C3: 너ㅓㅁ | D3: 2020 | E3: HHIK | F3: jonghyeokchoi77@gmail.com | G3: 1 | H3: 2 | I3: 3 | J3: 4 | K3: 1 | L3: 2 | M3: 4 | N3: 2 | O3: 3 | P3: 3 | Q3: 3 | R3: 2 | S3: 4 | T3: 3 | U3: 3 | V3: 2 | W3: 2 | X3: 4 | Y3: 4 | Z3: 2 | AA3: 2 | AB3: 4 | AC3: 4 | AD3: 2 | AE3: 4 | AF3: 4 | AG3: 4 | AH3: 2 | AI3: 2 | AJ3: 3 | AK3: 3 | AL3: 2 | AM3: 3 | AN3: 3 | AO3: 3 | AP3: 2 | AQ3: 2 | AR3: 3 | AS3: 3 | AT3: 2 | AU3: 2 | AV3: 3 | AW3: 3 | AX3: 2 | AY3: 2 | AZ3: 3 | BA3: 3 | BB3: 2 | BC3: 3 | BD3: 3 | BE3: 2 | BF3: 3 | BG3: 3 | BH3: 2 | BI3: 3 | BJ3: 3 | BK3: 2 | BL3: 2 | BM3: 3 | BN3: 4 | BO3: 2 | BP3: 4 | BQ3: 2 | BR3: 2 | BS3: 2 | BT3: 4 | BU3: 2 | BV3: 4 | BW3: 2 | BX3: 4 | BY3: 2 | BZ3: 4
A4: 46247.58 | B4: 동의합니다. | C4: 김민석 | D4: 2023 | E4: ESTP | F4: sdijk2114@naver.com | G4: 3 | H4: 3 | I4: 1 | J4: 4 | K4: 4 | L4: 2 | M4: 3 | N4: 1 | O4: 4 | P4: 3 | Q4: 3 | R4: 3 | S4: 3 | T4: 3 | U4: 1 | V4: 3 | W4: 3 | X4: 1 | Y4: 2 | Z4: 3 | AA4: 1 | AB4: 2 | AC4: 3 | AD4: 3 | AE4: 1 | AF4: 3 | AG4: 2 | AH4: 3 | AI4: 4 | AJ4: 4 | AK4: 2 | AL4: 3 | AM4: 1 | AN4: 3 | AO4: 3 | AP4: 1 | AQ4: 3 | AR4: 2 | AS4: 2 | AT4: 2 | AU4: 3 | AV4: 3 | AW4: 1 | AX4: 3 | AY4: 2 | AZ4: 4 | BA4: 4 | BB4: 4 | BC4: 3 | BD4: 2 | BE4: 1 | BF4: 4 | BG4: 4 | BH4: 3 | BI4: 3 | BJ4: 2 | BK4: 2 | BL4: 3 | BM4: 4 | BN4: 3 | BO4: 2 | BP4: 1 | BQ4: 3 | BR4: 4 | BS4: 4 | BT4: 3 | BU4: 3 | BV4: 2 | BW4: 2 | BX4: 3 | BY4: 4 | BZ4: 4
A5: 46247.582 | B5: 동의합니다. | C5: Jejsj | D5: 2020 | E5: Ahah | F5: jonghyeokchoi77@gmail.com | G5: 1 | H5: 1 | I5: 4 | J5: 4 | K5: 4 | L5: 1 | M5: 2 | N5: 4 | O5: 4 | P5: 2 | Q5: 2 | R5: 4 | S5: 2 | T5: 2 | U5: 4 | V5: 4 | W5: 2 | X5: 2 | Y5: 4 | Z5: 2 | AA5: 2 | AB5: 4 | AC5: 4 | AD5: 2 | AE5: 2 | AF5: 4 | AG5: 4 | AH5: 2 | AI5: 2 | AJ5: 2 | AK5: 4 | AL5: 4 | AM5: 2 | AN5: 2 | AO5: 2 | AP5: 2 | AQ5: 4 | AR5: 2 | AS5: 2 | AT5: 2 | AU5: 4 | AV5: 2 | AW5: 2 | AX5: 4 | AY5: 4 | AZ5: 2 | BA5: 2 | BB5: 4 | BC5: 4 | BD5: 2 | BE5: 2 | BF5: 4 | BG5: 2 | BH5: 2 | BI5: 4 | BJ5: 4 | BK5: 2 | BL5: 2 | BM5: 4 | BN5: 4 | BO5: 2 | BP5: 2 | BQ5: 4 | BR5: 4 | BS5: 2 | BT5: 2 | BU5: 4 | BV5: 4 | BW5: 2 | BX5: 2 | BY5: 2 | BZ5: 2
A6: 46247.584 | B6: 동의합니다. | C6: 80 황우진 | D6: 2025 | E6: ENFJ | F6: a52154309@gmail.com | G6: 1 | H6: 1 | I6: 1 | J6: 1 | K6: 1 | L6: 1 | M6: 1 | N6: 1 | O6: 1 | P6: 1 | Q6: 1 | R6: 1 | S6: 1 | T6: 1 | U6: 1 | V6: 2 | W6: 1 | X6: 1 | Y6: 4 | Z6: 1 | AA6: 1 | AB6: 4 | AC6: 2 | AD6: 1 | AE6: 3 | AF6: 1 | AG6: 4 | AH6: 2 | AI6: 4 | AJ6: 2 | AK6: 4 | AL6: 2 | AM6: 4 | AN6: 2 | AO6: 3 | AP6: 2 | AQ6: 3 | AR6: 2 | AS6: 2 | AT6: 3 | AU6: 4 | AV6: 2 | AW6: 4 | AX6: 2 | AY6: 3 | AZ6: 3 | BA6: 3 | BB6: 2 | BC6: 3 | BD6: 2 | BE6: 3 | BF6: 2 | BG6: 3 | BH6: 3 | BI6: 2 | BJ6: 3 | BK6: 2 | BL6: 2 | BM6: 3 | BN6: 1 | BO6: 4 | BP6: 2 | BQ6: 2 | BR6: 3 | BS6: 2 | BT6: 3 | BU6: 2 | BV6: 3 | BW6: 2 | BX6: 3 | BY6: 2 | BZ6: 3
A7: 46247.598 | B7: 동의합니다. | C7: Bdhdh | D7: 2020 | E7: Jaja | F7: jonghyeokchoi77@gmail.com | G7: 1 | H7: 3 | I7: 1 | J7: 3 | K7: 4 | L7: 4 | M7: 1 | N7: 4 | O7: 4 | P7: 4 | Q7: 1 | R7: 1 | S7: 4 | T7: 4 | U7: 4 | V7: 1 | W7: 1 | X7: 4 | Y7: 4 | Z7: 4 | AA7: 1 | AB7: 1 | AC7: 4 | AD7: 4 | AE7: 4 | AF7: 1 | AG7: 1 | AH7: 4 | AI7: 4 | AJ7: 4 | AK7: 1 | AL7: 1 | AM7: 4 | AN7: 4 | AO7: 4 | AP7: 1 | AQ7: 1 | AR7: 4 | AS7: 4 | AT7: 4 | AU7: 1 | AV7: 1 | AW7: 4 | AX7: 4 | AY7: 4 | AZ7: 1 | BA7: 4 | BB7: 4 | BC7: 4 | BD7: 1 | BE7: 4 | BF7: 4 | BG7: 4 | BH7: 1 | BI7: 1 | BJ7: 4 | BK7: 1 | BL7: 2 | BM7: 2 | BN7: 3 | BO7: 3 | BP7: 2 | BQ7: 2 | BR7: 3 | BS7: 3 | BT7: 2 | BU7: 2 | BV7: 3 | BW7: 3 | BX7: 2 | BY7: 3 | BZ7: 3
A8: 46247.602 | B8: 동의합니다. | C8: Shej | D8: 2020 | E8: Shhs | F8: jonghyeokchoi77@gmail.com | G8: 1 | H8: 3 | I8: 3 | J8: 2 | K8: 2 | L8: 4 | M8: 4 | N8: 2 | O8: 4 | P8: 4 | Q8: 2 | R8: 4 | S8: 4 | T8: 2 | U8: 4 | V8: 4 | W8: 2 | X8: 3 | Y8: 3 | Z8: 2 | AA8: 3 | AB8: 3 | AC8: 2 | AD8: 3 | AE8: 3 | AF8: 2 | AG8: 3 | AH8: 3 | AI8: 2 | AJ8: 4 | AK8: 4 | AL8: 2 | AM8: 4 | AN8: 4 | AO8: 4 | AP8: 2 | AQ8: 4 | AR8: 2 | AS8: 4 | AT8: 2 | AU8: 4 | AV8: 2 | AW8: 4 | AX8: 4 | AY8: 2 | AZ8: 4 | BA8: 2 | BB8: 4 | BC8: 2 | BD8: 4 | BE8: 2 | BF8: 4 | BG8: 4 | BH8: 2 | BI8: 4 | BJ8: 2 | BK8: 3 | BL8: 2 | BM8: 3 | BN8: 2 | BO8: 3 | BP8: 2 | BQ8: 2 | BR8: 3 | BS8: 2 | BT8: 4 | BU8: 2 | BV8: 4 | BW8: 2 | BX8: 4 | BY8: 2 | BZ8: 4
A9: 46247.604 | B9: 동의합니다. | C9: Llll | D9: 2020 | E9: Jaja | F9: jonghyeokchoi77@gmail.com | G9: 1 | H9: 1 | I9: 4 | J9: 4 | K9: 4 | L9: 1 | M9: 1 | N9: 4 | O9: 4 | P9: 1 | Q9: 1 | R9: 4 | S9: 4 | T9: 1 | U9: 1 | V9: 4 | W9: 4 | X9: 4 | Y9: 1 | Z9: 4 | AA9: 4 | AB9: 4 | AC9: 1 | AD9: 1 | AE9: 4 | AF9: 4 | AG9: 1 | AH9: 1 | AI9: 2 | AJ9: 2 | AK9: 2 | AL9: 2 | AM9: 3 | AN9: 3 | AO9: 3 | AP9: 2 | AQ9: 2 | AR9: 3 | AS9: 3 | AT9: 2 | AU9: 2 | AV9: 3 | AW9: 3 | AX9: 2 | AY9: 3 | AZ9: 3 | BA9: 2 | BB9: 2 | BC9: 3 | BD9: 3 | BE9: 2 | BF9: 3 | BG9: 3 | BH9: 3 | BI9: 2 | BJ9: 3 | BK9: 3 | BL9: 3 | BM9: 2 | BN9: 2 | BO9: 3 | BP9: 3 | BQ9: 2 | BR9: 3 | BS9: 2 | BT9: 3 | BU9: 2 | BV9: 2 | BW9: 3 | BX9: 2 | BY9: 3 | BZ9: 3
A10: 46247.615 | B10: 동의합니다. | C10: 테스트 | D10: 1 | E10: 1 | F10: enrud1103@naver.com | G10: 5 | H10: 5 | I10: 5 | J10: 5 | K10: 5 | L10: 5 | M10: 5 | N10: 5 | O10: 5 | P10: 5 | Q10: 5 | R10: 5 | S10: 5 | T10: 5 | U10: 5 | V10: 5 | W10: 5 | X10: 5 | Y10: 5 | Z10: 5 | AA10: 5 | AB10: 5 | AC10: 5 | AD10: 5 | AE10: 5 | AF10: 5 | AG10: 5 | AH10: 5 | AI10: 5 | AJ10: 5 | AK10: 5 | AL10: 5 | AM10: 5 | AN10: 5 | AO10: 5 | AP10: 5 | AQ10: 5 | AR10: 5 | AS10: 5 | AT10: 5 | AU10: 5 | AV10: 5 | AW10: 5 | AX10: 5 | AY10: 5 | AZ10: 5 | BA10: 5 | BB10: 5 | BC10: 5 | BD10: 5 | BE10: 5 | BF10: 5 | BG10: 5 | BH10: 5 | BI10: 5 | BJ10: 5 | BK10: 5 | BL10: 5 | BM10: 5 | BN10: 5 | BO10: 5 | BP10: 5 | BQ10: 5 | BR10: 5 | BS10: 5 | BT10: 5 | BU10: 5 | BV10: 5 | BW10: 5 | BX10: 5 | BY10: 5 | BZ10: 5
A11: 46247.618 | B11: 동의합니다. | C11: 이상준 | D11: 2026 | E11: ESFJ | F11: william0724@naver.com | G11: 3 | H11: 5 | I11: 5 | J11: 5 | K11: 5 | L11: 5 | M11: 3 | N11: 5 | O11: 5 | P11: 5 | Q11: 5 | R11: 5 | S11: 3 | T11: 5 | U11: 5 | V11: 5 | W11: 5 | X11: 5 | Y11: 3 | Z11: 5 | AA11: 5 | AB11: 5 | AC11: 5 | AD11: 5 | AE11: 4 | AF11: 5 | AG11: 5 | AH11: 5 | AI11: 5 | AJ11: 5 | AK11: 4 | AL11: 5 | AM11: 5 | AN11: 5 | AO11: 5 | AP11: 5 | AQ11: 3 | AR11: 4 | AS11: 5 | AT11: 5 | AU11: 5 | AV11: 5 | AW11: 4 | AX11: 5 | AY11: 5 | AZ11: 5 | BA11: 5 | BB11: 5 | BC11: 5 | BD11: 5 | BE11: 5 | BF11: 5 | BG11: 5 | BH11: 5 | BI11: 5 | BJ11: 5 | BK11: 5 | BL11: 5 | BM11: 5 | BN11: 5 | BO11: 5 | BP11: 5 | BQ11: 5 | BR11: 5 | BS11: 5 | BT11: 5 | BU11: 5 | BV11: 5 | BW11: 5 | BX11: 5 | BY11: 5 | BZ11: 5
A12: 46247.619 | B12: 동의합니다. | C12: 강재우 | D12: 2026 | E12: ISFP | F12: kjw020219@gmail.com | G12: 3 | H12: 1 | I12: 1 | J12: 5 | K12: 5 | L12: 3 | M12: 1 | N12: 1 | O12: 1 | P12: 5 | Q12: 3 | R12: 5 | S12: 3 | T12: 1 | U12: 1 | V12: 5 | W12: 3 | X12: 1 | Y12: 1 | Z12: 1 | AA12: 4 | AB12: 5 | AC12: 3 | AD12: 1 | AE12: 1 | AF12: 1 | AG12: 1 | AH12: 5 | AI12: 3 | AJ12: 5 | AK12: 3 | AL12: 1 | AM12: 1 | AN12: 3 | AO12: 2 | AP12: 1 | AQ12: 3 | AR12: 1 | AS12: 3 | AT12: 5 | AU12: 5 | AV12: 5 | AW12: 1 | AX12: 1 | AY12: 1 | AZ12: 1 | BA12: 3 | BB12: 5 | BC12: 3 | BD12: 3 | BE12: 1 | BF12: 5 | BG12: 5 | BH12: 5 | BI12: 5 | BJ12: 1 | BK12: 1 | BL12: 5 | BM12: 5 | BN12: 5 | BO12: 1 | BP12: 1 | BQ12: 1 | BR12: 5 | BS12: 5 | BT12: 5 | BU12: 3 | BV12: 1 | BW12: 1 | BX12: 5 | BY12: 5 | BZ12: 5
A13: 46247.636 | B13: 동의합니다. | C13: 이재완 | D13: 2006 | E13: INTJ | F13: sdh220216@sdh.hs.kr | G13: 1 | H13: 1 | I13: 1 | J13: 1 | K13: 1 | L13: 1 | M13: 1 | N13: 1 | O13: 1 | P13: 1 | Q13: 1 | R13: 1 | S13: 1 | T13: 1 | U13: 1 | V13: 1 | W13: 1 | X13: 1 | Y13: 1 | Z13: 1 | AA13: 1 | AB13: 1 | AC13: 1 | AD13: 1 | AE13: 1 | AF13: 1 | AG13: 1 | AH13: 1 | AI13: 1 | AJ13: 1 | AK13: 1 | AL13: 1 | AM13: 1 | AN13: 1 | AO13: 1 | AP13: 1 | AQ13: 1 | AR13: 1 | AS13: 1 | AT13: 1 | AU13: 1 | AV13: 1 | AW13: 1 | AX13: 1 | AY13: 1 | AZ13: 1 | BA13: 1 | BB13: 1 | BC13: 1 | BD13: 1 | BE13: 1 | BF13: 1 | BG13: 1 | BH13: 1 | BI13: 1 | BJ13: 1 | BK13: 1 | BL13: 1 | BM13: 1 | BN13: 1 | BO13: 1 | BP13: 1 | BQ13: 1 | BR13: 1 | BS13: 1 | BT13: 1 | BU13: 1 | BV13: 1 | BW13: 1 | BX13: 1 | BY13: 1 | BZ13: 1
A14: 46247.637 | B14: 동의합니다. | C14: 최종혁 | D14: 2025 | E14: Intp | F14: jonghyeokchoi@gmail.com | G14: 3 | H14: 2 | I14: 4 | J14: 2 | K14: 4 | L14: 4 | M14: 2 | N14: 4 | O14: 2 | P14: 4 | Q14: 4 | R14: 2 | S14: 4 | T14: 4 | U14: 4 | V14: 2 | W14: 4 | X14: 4 | Y14: 4 | Z14: 4 | AA14: 3 | AB14: 3 | AC14: 4 | AD14: 3 | AE14: 2 | AF14: 2 | AG14: 4 | AH14: 2 | AI14: 3 | AJ14: 3 | AK14: 2 | AL14: 3 | AM14: 3 | AN14: 3 | AO14: 3 | AP14: 3 | AQ14: 3 | AR14: 2 | AS14: 4 | AT14: 3 | AU14: 3 | AV14: 4 | AW14: 3 | AX14: 3 | AY14: 4 | AZ14: 3 | BA14: 4 | BB14: 3 | BC14: 3 | BD14: 3 | BE14: 3 | BF14: 3 | BG14: 3 | BH14: 3 | BI14: 2 | BJ14: 3 | BK14: 2 | BL14: 3 | BM14: 2 | BN14: 3 | BO14: 2 | BP14: 3 | BQ14: 2 | BR14: 3 | BS14: 2 | BT14: 3 | BU14: 4 | BV14: 4 | BW14: 1 | BX14: 1 | BY14: 1 | BZ14: 2
A15: 46247.639 | B15: 동의합니다. | C15: 유성혁 | D15: 2025 | E15: ESTJ | F15: kimnummun@gmail.com | G15: 5 | H15: 5 | I15: 2 | J15: 5 | K15: 4 | L15: 5 | M15: 3 | N15: 4 | O15: 4 | P15: 5 | Q15: 5 | R15: 5 | S15: 2 | T15: 4 | U15: 1 | V15: 4 | W15: 4 | X15: 3 | Y15: 5 | Z15: 4 | AA15: 4 | AB15: 5 | AC15: 5 | AD15: 5 | AE15: 1 | AF15: 4 | AG15: 3 | AH15: 5 | AI15: 4 | AJ15: 5 | AK15: 4 | AL15: 5 | AM15: 2 | AN15: 4 | AO15: 5 | AP15: 4 | AQ15: 2 | AR15: 4 | AS15: 5 | AT15: 5 | AU15: 5 | AV15: 5 | AW15: 4 | AX15: 4 | AY15: 4 | AZ15: 5 | BA15: 5 | BB15: 5 | BC15: 4 | BD15: 4 | BE15: 2 | BF15: 5 | BG15: 5 | BH15: 5 | BI15: 5 | BJ15: 4 | BK15: 4 | BL15: 5 | BM15: 5 | BN15: 5 | BO15: 5 | BP15: 4 | BQ15: 4 | BR15: 5 | BS15: 4 | BT15: 5 | BU15: 4 | BV15: 3 | BW15: 4 | BX15: 5 | BY15: 4 | BZ15: 5
A16: 46247.64 | B16: 동의합니다. | C16: 전태은 | D16: 2025 | E16: ESFP | F16: jte0506@naver.com | G16: 3 | H16: 3 | I16: 3 | J16: 4 | K16: 3 | L16: 3 | M16: 3 | N16: 3 | O16: 3 | P16: 3 | Q16: 3 | R16: 4 | S16: 3 | T16: 3 | U16: 3 | V16: 4 | W16: 3 | X16: 3 | Y16: 3 | Z16: 3 | AA16: 3 | AB16: 4 | AC16: 3 | AD16: 3 | AE16: 3 | AF16: 3 | AG16: 3 | AH16: 4 | AI16: 3 | AJ16: 3 | AK16: 3 | AL16: 3 | AM16: 3 | AN16: 3 | AO16: 3 | AP16: 3 | AQ16: 3 | AR16: 3 | AS16: 3 | AT16: 4 | AU16: 4 | AV16: 3 | AW16: 3 | AX16: 3 | AY16: 3 | AZ16: 4 | BA16: 3 | BB16: 3 | BC16: 3 | BD16: 3 | BE16: 4 | BF16: 4 | BG16: 3 | BH16: 4 | BI16: 4 | BJ16: 3 | BK16: 3 | BL16: 3 | BM16: 3 | BN16: 4 | BO16: 3 | BP16: 3 | BQ16: 3 | BR16: 4 | BS16: 4 | BT16: 4 | BU16: 3 | BV16: 3 | BW16: 3 | BX16: 4 | BY16: 4 | BZ16: 4
A17: 46247.642 | B17: 동의합니다. | C17: 김규훜 | D17: 2015 | E17: ESTJ | F17: rbgns0105@gmail.com | G17: 5 | H17: 4 | I17: 1 | J17: 5 | K17: 5 | L17: 2 | M17: 5 | N17: 4 | O17: 4 | P17: 4 | Q17: 4 | R17: 5 | S17: 4 | T17: 5 | U17: 2 | V17: 2 | W17: 5 | X17: 5 | Y17: 5 | Z17: 5 | AA17: 5 | AB17: 5 | AC17: 5 | AD17: 4 | AE17: 2 | AF17: 1 | AG17: 4 | AH17: 5 | AI17: 5 | AJ17: 5 | AK17: 5 | AL17: 5 | AM17: 1 | AN17: 5 | AO17: 5 | AP17: 3 | AQ17: 4 | AR17: 1 | AS17: 5 | AT17: 4 | AU17: 4 | AV17: 5 | AW17: 5 | AX17: 3 | AY17: 1 | AZ17: 3 | BA17: 4 | BB17: 5 | BC17: 5 | BD17: 3 | BE17: 1 | BF17: 4 | BG17: 5 | BH17: 5 | BI17: 5 | BJ17: 3 | BK17: 3 | BL17: 1 | BM17: 4 | BN17: 3 | BO17: 5 | BP17: 4 | BQ17: 4 | BR17: 5 | BS17: 3 | BT17: 4 | BU17: 5 | BV17: 3 | BW17: 4 | BX17: 3 | BY17: 5 | BZ17: 5
A18: 46247.713 | B18: 동의합니다. | C18: 테스트 | D18: 1 | E18: 1 | F18: enrud1103@naver.com | G18: 5 | H18: 5 | I18: 5 | J18: 5 | K18: 5 | L18: 5 | M18: 5 | N18: 5 | O18: 5 | P18: 5 | Q18: 5 | R18: 5 | S18: 5 | T18: 5 | U18: 5 | V18: 5 | W18: 5 | X18: 5 | Y18: 5 | Z18: 5 | AA18: 5 | AB18: 5 | AC18: 5 | AD18: 5 | AE18: 5 | AF18: 5 | AG18: 5 | AH18: 5 | AI18: 5 | AJ18: 5 | AK18: 5 | AL18: 5 | AM18: 5 | AN18: 5 | AO18: 5 | AP18: 5 | AQ18: 5 | AR18: 5 | AS18: 5 | AT18: 5 | AU18: 5 | AV18: 5 | AW18: 5 | AX18: 5 | AY18: 5 | AZ18: 5 | BA18: 5 | BB18: 5 | BC18: 5 | BD18: 5 | BE18: 5 | BF18: 5 | BG18: 5 | BH18: 5 | BI18: 5 | BJ18: 5 | BK18: 5 | BL18: 5 | BM18: 5 | BN18: 5 | BO18: 5 | BP18: 5 | BQ18: 5 | BR18: 5 | BS18: 5 | BT18: 5 | BU18: 5 | BV18: 5 | BW18: 5 | BX18: 5 | BY18: 5 | BZ18: 5
A19: 46247.715 | B19: 동의합니다. | C19: 유성혁 | D19: 2025 | E19: ESTJ | F19: kimnummun@gmail.com | G19: 5 | H19: 5 | I19: 1 | J19: 5 | K19: 5 | L19: 5 | M19: 5 | N19: 5 | O19: 5 | P19: 5 | Q19: 5 | R19: 5 | S19: 5 | T19: 5 | U19: 2 | V19: 5 | W19: 5 | X19: 5 | Y19: 5 | Z19: 5 | AA19: 5 | AB19: 5 | AC19: 5 | AD19: 5 | AE19: 2 | AF19: 5 | AG19: 5 | AH19: 5 | AI19: 5 | AJ19: 5 | AK19: 2 | AL19: 5 | AM19: 5 | AN19: 5 | AO19: 5 | AP19: 2 | AQ19: 2 | AR19: 5 | AS19: 5 | AT19: 5 | AU19: 5 | AV19: 5 | AW19: 2 | AX19: 2 | AY19: 2 | AZ19: 5 | BA19: 5 | BB19: 5 | BC19: 4 | BD19: 5 | BE19: 2 | BF19: 5 | BG19: 5 | BH19: 5 | BI19: 5 | BJ19: 5 | BK19: 3 | BL19: 5 | BM19: 5 | BN19: 5 | BO19: 5 | BP19: 4 | BQ19: 5 | BR19: 5 | BS19: 5 | BT19: 5 | BU19: 5 | BV19: 3 | BW19: 3 | BX19: 5 | BY19: 5 | BZ19: 5
A20: 46247.715 | B20: 동의합니다. | C20: 전태은 | D20: 2025 | E20: ESFP | F20: jte0506@naver.com | G20: 4 | H20: 4 | I20: 4 | J20: 4 | K20: 4 | L20: 4 | M20: 4 | N20: 4 | O20: 4 | P20: 4 | Q20: 4 | R20: 4 | S20: 4 | T20: 4 | U20: 4 | V20: 4 | W20: 4 | X20: 4 | Y20: 4 | Z20: 4 | AA20: 4 | AB20: 4 | AC20: 4 | AD20: 4 | AE20: 4 | AF20: 4 | AG20: 4 | AH20: 4 | AI20: 4 | AJ20: 4 | AK20: 4 | AL20: 4 | AM20: 4 | AN20: 4 | AO20: 4 | AP20: 4 | AQ20: 4 | AR20: 4 | AS20: 4 | AT20: 4 | AU20: 4 | AV20: 4 | AW20: 4 | AX20: 4 | AY20: 4 | AZ20: 4 | BA20: 4 | BB20: 4 | BC20: 4 | BD20: 4 | BE20: 4 | BF20: 4 | BG20: 4 | BH20: 4 | BI20: 4 | BJ20: 4 | BK20: 4 | BL20: 4 | BM20: 4 | BN20: 4 | BO20: 4 | BP20: 4 | BQ20: 4 | BR20: 4 | BS20: 4 | BT20: 4 | BU20: 4 | BV20: 4 | BW20: 4 | BX20: 4 | BY20: 4 | BZ20: 4
A21: 46247.715 | B21: 동의합니다. | C21: 이재완 | D21: 2006 | E21: INTJ | F21: sdh220216@sdh.hs.kr | G21: 1 | H21: 2 | I21: 3 | J21: 4 | K21: 3 | L21: 2 | M21: 1 | N21: 2 | O21: 3 | P21: 4 | Q21: 3 | R21: 2 | S21: 1 | T21: 2 | U21: 4 | V21: 3 | W21: 2 | X21: 1 | Y21: 2 | Z21: 3 | AA21: 4 | AB21: 2 | AC21: 1 | AD21: 2 | AE21: 3 | AF21: 4 | AG21: 3 | AH21: 2 | AI21: 1 | AJ21: 2 | AK21: 3 | AL21: 4 | AM21: 3 | AN21: 2 | AO21: 1 | AP21: 2 | AQ21: 3 | AR21: 4 | AS21: 3 | AT21: 2 | AU21: 1 | AV21: 2 | AW21: 3 | AX21: 4 | AY21: 3 | AZ21: 2 | BA21: 1 | BB21: 2 | BC21: 4 | BD21: 3 | BE21: 2 | BF21: 1 | BG21: 2 | BH21: 3 | BI21: 4 | BJ21: 3 | BK21: 2 | BL21: 1 | BM21: 2 | BN21: 3 | BO21: 4 | BP21: 3 | BQ21: 2 | BR21: 1 | BS21: 2 | BT21: 3 | BU21: 4 | BV21: 3 | BW21: 2 | BX21: 1 | BY21: 2 | BZ21: 4
A22: 46247.764 | B22: 동의합니다. | C22: 장재혁 | D22: 2021 | E22: INFJ | F22: wkdwogur1201@naver.com | G22: 4 | H22: 4 | I22: 2 | J22: 5 | K22: 5 | L22: 4 | M22: 4 | N22: 5 | O22: 4 | P22: 5 | Q22: 5 | R22: 5 | S22: 3 | T22: 4 | U22: 2 | V22: 5 | W22: 5 | X22: 3 | Y22: 4 | Z22: 3 | AA22: 2 | AB22: 4 | AC22: 5 | AD22: 4 | AE22: 3 | AF22: 5 | AG22: 4 | AH22: 5 | AI22: 5 | AJ22: 5 | AK22: 4 | AL22: 4 | AM22: 3 | AN22: 5 | AO22: 5 | AP22: 3 | AQ22: 3 | AR22: 3 | AS22: 5 | AT22: 4 | AU22: 5 | AV22: 5 | AW22: 3 | AX22: 4 | AY22: 4 | AZ22: 4 | BA22: 4 | BB22: 5 | BC22: 4 | BD22: 4 | BE22: 3 | BF22: 5 | BG22: 5 | BH22: 5 | BI22: 4 | BJ22: 4 | BK22: 4 | BL22: 4 | BM22: 5 | BN22: 5 | BO22: 4 | BP22: 3 | BQ22: 5 | BR22: 5 | BS22: 4 | BT22: 5 | BU22: 4 | BV22: 4 | BW22: 4 | BX22: 5 | BY22: 4 | BZ22: 5
A23: 46247.794 | B23: 동의합니다. | C23: 박종민 | D23: 2507 | E23: ESTP | F23: sunlight6543@naver.com | G23: 5 | H23: 5 | I23: 3 | J23: 5 | K23: 5 | L23: 4 | M23: 4 | N23: 3 | O23: 5 | P23: 5 | Q23: 5 | R23: 5 | S23: 5 | T23: 4 | U23: 3 | V23: 5 | W23: 5 | X23: 3 | Y23: 4 | Z23: 5 | AA23: 5 | AB23: 5 | AC23: 5 | AD23: 4 | AE23: 2 | AF23: 5 | AG23: 5 | AH23: 5 | AI23: 5 | AJ23: 5 | AK23: 5 | AL23: 5 | AM23: 2 | AN23: 5 | AO23: 5 | AP23: 3 | AQ23: 5 | AR23: 5 | AS23: 5 | AT23: 5 | AU23: 5 | AV23: 5 | AW23: 3 | AX23: 3 | AY23: 5 | AZ23: 5 | BA23: 5 | BB23: 5 | BC23: 5 | BD23: 5 | BE23: 3 | BF23: 5 | BG23: 5 | BH23: 5 | BI23: 5 | BJ23: 5 | BK23: 5 | BL23: 5 | BM23: 5 | BN23: 5 | BO23: 4 | BP23: 3 | BQ23: 5 | BR23: 5 | BS23: 5 | BT23: 5 | BU23: 4 | BV23: 5 | BW23: 4 | BX23: 4 | BY23: 5 | BZ23: 5
A24: 46247.794 | B24: 동의합니다. | C24: 문관우 | D24: 2026 | E24: INTP | F24: qwersadzaee@gmail.com | G24: 3 | H24: 3 | I24: 3 | J24: 3 | K24: 3 | L24: 4 | M24: 3 | N24: 3 | O24: 3 | P24: 3 | Q24: 3 | R24: 3 | S24: 3 | T24: 2 | U24: 3 | V24: 2 | W24: 3 | X24: 3 | Y24: 4 | Z24: 4 | AA24: 3 | AB24: 3 | AC24: 3 | AD24: 3 | AE24: 3 | AF24: 3 | AG24: 3 | AH24: 3 | AI24: 3 | AJ24: 3 | AK24: 3 | AL24: 3 | AM24: 3 | AN24: 3 | AO24: 3 | AP24: 3 | AQ24: 3 | AR24: 3 | AS24: 3 | AT24: 3 | AU24: 3 | AV24: 3 | AW24: 3 | AX24: 3 | AY24: 3 | AZ24: 3 | BA24: 3 | BB24: 3 | BC24: 3 | BD24: 3 | BE24: 3 | BF24: 3 | BG24: 3 | BH24: 3 | BI24: 3 | BJ24: 3 | BK24: 3 | BL24: 3 | BM24: 3 | BN24: 3 | BO24: 3 | BP24: 3 | BQ24: 3 | BR24: 3 | BS24: 3 | BT24: 3 | BU24: 3 | BV24: 3 | BW24: 3 | BX24: 3 | BY24: 3 | BZ24: 3
A25: 46247.834 | B25: 동의합니다. | C25: 문관우 | D25: 2026 | E25: INTP | F25: qwersadzaee@gmail.com | G25: 4 | H25: 4 | I25: 4 | J25: 4 | K25: 4 | L25: 3 | M25: 2 | N25: 3 | O25: 4 | P25: 3 | Q25: 4 | R25: 3 | S25: 4 | T25: 3 | U25: 4 | V25: 3 | W25: 4 | X25: 3 | Y25: 4 | Z25: 3 | AA25: 4 | AB25: 3 | AC25: 4 | AD25: 3 | AE25: 4 | AF25: 3 | AG25: 4 | AH25: 3 | AI25: 4 | AJ25: 3 | AK25: 4 | AL25: 3 | AM25: 4 | AN25: 3 | AO25: 4 | AP25: 3 | AQ25: 4 | AR25: 3 | AS25: 4 | AT25: 3 | AU25: 4 | AV25: 3 | AW25: 4 | AX25: 3 | AY25: 4 | AZ25: 3 | BA25: 4 | BB25: 3 | BC25: 4 | BD25: 3 | BE25: 4 | BF25: 3 | BG25: 4 | BH25: 3 | BI25: 4 | BJ25: 3 | BK25: 4 | BL25: 4 | BM25: 3 | BN25: 4 | BO25: 3 | BP25: 3 | BQ25: 3 | BR25: 4 | BS25: 3 | BT25: 4 | BU25: 3 | BV25: 4 | BW25: 3 | BX25: 4 | BY25: 3 | BZ25: 4
A26: 46247.922 | B26: 동의합니다. | C26: 하연 | D26: 2027 | E26: ESFP | F26: namhayeon7648@gmail.com | G26: 1 | H26: 1 | I26: 3 | J26: 4 | K26: 3 | L26: 2 | M26: 3 | N26: 1 | O26: 1 | P26: 2 | Q26: 2 | R26: 4 | S26: 2 | T26: 2 | U26: 3 | V26: 4 | W26: 2 | X26: 4 | Y26: 3 | Z26: 2 | AA26: 4 | AB26: 4 | AC26: 4 | AD26: 3 | AE26: 2 | AF26: 2 | AG26: 1 | AH26: 5 | AI26: 2 | AJ26: 4 | AK26: 4 | AL26: 2 | AM26: 4 | AN26: 3 | AO26: 2 | AP26: 2 | AQ26: 3 | AR26: 2 | AS26: 3 | AT26: 4 | AU26: 4 | AV26: 4 | AW26: 2 | AX26: 4 | AY26: 2 | AZ26: 4 | BA26: 1 | BB26: 4 | BC26: 3 | BD26: 2 | BE26: 4 | BF26: 4 | BG26: 4 | BH26: 4 | BI26: 4 | BJ26: 2 | BK26: 2 | BL26: 5 | BM26: 4 | BN26: 4 | BO26: 3 | BP26: 2 | BQ26: 2 | BR26: 4 | BS26: 3 | BT26: 4 | BU26: 3 | BV26: 2 | BW26: 2 | BX26: 4 | BY26: 4 | BZ26: 4
A27: 46248.005 | B27: 동의합니다. | C27: 안문기 | D27: 2026 | E27: INFJ | F27: mungiahn@gmail.com | G27: 4 | H27: 5 | I27: 4 | J27: 5 | K27: 3 | L27: 3 | M27: 5 | N27: 3 | O27: 4 | P27: 5 | Q27: 2 | R27: 4 | S27: 4 | T27: 4 | U27: 4 | V27: 5 | W27: 3 | X27: 5 | Y27: 5 | Z27: 4 | AA27: 4 | AB27: 5 | AC27: 5 | AD27: 3 | AE27: 4 | AF27: 4 | AG27: 4 | AH27: 5 | AI27: 3 | AJ27: 4 | AK27: 5 | AL27: 2 | AM27: 4 | AN27: 5 | AO27: 2 | AP27: 4 | AQ27: 4 | AR27: 4 | AS27: 4 | AT27: 5 | AU27: 3 | AV27: 4 | AW27: 5 | AX27: 4 | AY27: 3 | AZ27: 5 | BA27: 4 | BB27: 4 | BC27: 2 | BD27: 4 | BE27: 4 | BF27: 4 | BG27: 4 | BH27: 4 | BI27: 5 | BJ27: 3 | BK27: 5 | BL27: 4 | BM27: 5 | BN27: 4 | BO27: 3 | BP27: 4 | BQ27: 4 | BR27: 5 | BS27: 5 | BT27: 5 | BU27: 2 | BV27: 4 | BW27: 5 | BX27: 5 | BY27: 2 | BZ27: 5
A28: 46248.3 | B28: 동의합니다. | C28: 최승준 | D28: 2013 | E28: ENTJ | F28: paoyusha@naver.com | G28: 3 | H28: 3 | I28: 4 | J28: 4 | K28: 4 | L28: 4 | M28: 4 | N28: 4 | O28: 4 | P28: 4 | Q28: 4 | R28: 4 | S28: 4 | T28: 4 | U28: 4 | V28: 4 | W28: 4 | X28: 4 | Y28: 4 | Z28: 4 | AA28: 3 | AB28: 4 | AC28: 5 | AD28: 4 | AE28: 3 | AF28: 5 | AG28: 3 | AH28: 5 | AI28: 4 | AJ28: 4 | AK28: 4 | AL28: 3 | AM28: 3 | AN28: 5 | AO28: 5 | AP28: 4 | AQ28: 4 | AR28: 4 | AS28: 3 | AT28: 4 | AU28: 4 | AV28: 3 | AW28: 5 | AX28: 5 | AY28: 5 | AZ28: 5 | BA28: 4 | BB28: 4 | BC28: 5 | BD28: 5 | BE28: 5 | BF28: 4 | BG28: 4 | BH28: 4 | BI28: 3 | BJ28: 5 | BK28: 4 | BL28: 4 | BM28: 4 | BN28: 5 | BO28: 5 | BP28: 4 | BQ28: 5 | BR28: 4 | BS28: 5 | BT28: 5 | BU28: 5 | BV28: 5 | BW28: 5 | BX28: 5 | BY28: 3 | BZ28: 3
A29: 46248.325 | B29: 동의합니다. | C29: 테스트 | D29: 1 | E29: 1 | F29: kclee1982@naver.com | G29: 3 | H29: 3 | I29: 3 | J29: 3 | K29: 3 | L29: 3 | M29: 3 | N29: 3 | O29: 3 | P29: 3 | Q29: 3 | R29: 3 | S29: 3 | T29: 3 | U29: 3 | V29: 3 | W29: 3 | X29: 3 | Y29: 3 | Z29: 3 | AA29: 3 | AB29: 3 | AC29: 3 | AD29: 3 | AE29: 3 | AF29: 3 | AG29: 3 | AH29: 3 | AI29: 3 | AJ29: 3 | AK29: 3 | AL29: 3 | AM29: 3 | AN29: 3 | AO29: 3 | AP29: 3 | AQ29: 3 | AR29: 3 | AS29: 3 | AT29: 3 | AU29: 3 | AV29: 3 | AW29: 3 | AX29: 3 | AY29: 3 | AZ29: 3 | BA29: 3 | BB29: 3 | BC29: 3 | BD29: 3 | BE29: 3 | BF29: 3 | BG29: 3 | BH29: 3 | BI29: 3 | BJ29: 3 | BK29: 3 | BL29: 3 | BM29: 3 | BN29: 3 | BO29: 3 | BP29: 3 | BQ29: 3 | BR29: 3 | BS29: 3 | BT29: 3 | BU29: 3 | BV29: 3 | BW29: 3 | BX29: 3 | BY29: 3 | BZ29: 3
A30: 46248.334 | B30: 동의합니다. | C30: 테스트 | D30: 2025 | E30: ESTJ | F30: kimnummun@gmail.com | G30: 5 | H30: 5 | I30: 5 | J30: 5 | K30: 5 | L30: 5 | M30: 5 | N30: 5 | O30: 5 | P30: 5 | Q30: 5 | R30: 5 | S30: 5 | T30: 5 | U30: 5 | V30: 5 | W30: 5 | X30: 5 | Y30: 5 | Z30: 5 | AA30: 5 | AB30: 5 | AC30: 5 | AD30: 5 | AE30: 5 | AF30: 5 | AG30: 5 | AH30: 5 | AI30: 5 | AJ30: 5 | AK30: 5 | AL30: 5 | AM30: 5 | AN30: 5 | AO30: 5 | AP30: 5 | AQ30: 5 | AR30: 5 | AS30: 5 | AT30: 5 | AU30: 5 | AV30: 5 | AW30: 5 | AX30: 5 | AY30: 5 | AZ30: 5 | BA30: 5 | BB30: 5 | BC30: 5 | BD30: 5 | BE30: 5 | BF30: 5 | BG30: 5 | BH30: 5 | BI30: 5 | BJ30: 5 | BK30: 5 | BL30: 5 | BM30: 5 | BN30: 5 | BO30: 5 | BP30: 5 | BQ30: 5 | BR30: 5 | BS30: 5 | BT30: 5 | BU30: 5 | BV30: 5 | BW30: 5 | BX30: 5 | BY30: 5 | BZ30: 5
A31: 46248.338 | B31: 동의합니다. | C31: 테스트 | D31: 1 | E31: 1 | F31: enrud1103@naver.com | G31: 3 | H31: 3 | I31: 3 | J31: 3 | K31: 3 | L31: 3 | M31: 3 | N31: 3 | O31: 3 | P31: 3 | Q31: 3 | R31: 3 | S31: 3 | T31: 3 | U31: 3 | V31: 3 | W31: 3 | X31: 3 | Y31: 3 | Z31: 3 | AA31: 3 | AB31: 3 | AC31: 3 | AD31: 3 | AE31: 3 | AF31: 3 | AG31: 3 | AH31: 3 | AI31: 3 | AJ31: 3 | AK31: 3 | AL31: 3 | AM31: 3 | AN31: 3 | AO31: 3 | AP31: 3 | AQ31: 3 | AR31: 3 | AS31: 3 | AT31: 3 | AU31: 3 | AV31: 3 | AW31: 3 | AX31: 3 | AY31: 3 | AZ31: 3 | BA31: 3 | BB31: 3 | BC31: 3 | BD31: 3 | BE31: 3 | BF31: 3 | BG31: 3 | BH31: 3 | BI31: 3 | BJ31: 3 | BK31: 3 | BL31: 3 | BM31: 3 | BN31: 3 | BO31: 3 | BP31: 3 | BQ31: 3 | BR31: 3 | BS31: 3 | BT31: 3 | BU31: 3 | BV31: 3 | BW31: 3 | BX31: 3 | BY31: 3 | BZ31: 3
A32: 46248.343 | B32: 동의합니다. | C32: 규훈 | D32: 2020 | E32: ckdjf | F32: rbgns0105@gmail.com | G32: 3 | H32: 1 | I32: 3 | J32: 1 | K32: 1 | L32: 1 | M32: 3 | N32: 1 | O32: 3 | P32: 1 | Q32: 3 | R32: 3 | S32: 4 | T32: 2 | U32: 2 | V32: 3 | W32: 2 | X32: 3 | Y32: 2 | Z32: 3 | AA32: 2 | AB32: 2 | AC32: 2 | AD32: 2 | AE32: 2 | AF32: 2 | AG32: 2 | AH32: 4 | AI32: 3 | AJ32: 2 | AK32: 5 | AL32: 2 | AM32: 4 | AN32: 3 | AO32: 3 | AP32: 4 | AQ32: 4 | AR32: 1 | AS32: 4 | AT32: 4 | AU32: 2 | AV32: 4 | AW32: 3 | AX32: 2 | AY32: 4 | AZ32: 3 | BA32: 2 | BB32: 3 | BC32: 3 | BD32: 3 | BE32: 4 | BF32: 3 | BG32: 3 | BH32: 2 | BI32: 3 | BJ32: 4 | BK32: 3 | BL32: 3 | BM32: 4 | BN32: 3 | BO32: 2 | BP32: 2 | BQ32: 3 | BR32: 2 | BS32: 3 | BT32: 2 | BU32: 4 | BV32: 4 | BW32: 2 | BX32: 3 | BY32: 2 | BZ32: 3
A33: 46248.343 | B33: 동의합니다. | C33: 전태은 | D33: 2025 | E33: ESFP | F33: jte0506@naver.com | G33: 4 | H33: 4 | I33: 4 | J33: 4 | K33: 4 | L33: 4 | M33: 4 | N33: 4 | O33: 4 | P33: 4 | Q33: 4 | R33: 4 | S33: 4 | T33: 4 | U33: 4 | V33: 4 | W33: 4 | X33: 4 | Y33: 4 | Z33: 4 | AA33: 4 | AB33: 4 | AC33: 4 | AD33: 4 | AE33: 4 | AF33: 4 | AG33: 4 | AH33: 4 | AI33: 4 | AJ33: 4 | AK33: 4 | AL33: 4 | AM33: 4 | AN33: 4 | AO33: 4 | AP33: 4 | AQ33: 4 | AR33: 4 | AS33: 4 | AT33: 4 | AU33: 4 | AV33: 4 | AW33: 4 | AX33: 4 | AY33: 4 | AZ33: 4 | BA33: 4 | BB33: 4 | BC33: 4 | BD33: 4 | BE33: 4 | BF33: 4 | BG33: 4 | BH33: 4 | BI33: 4 | BJ33: 4 | BK33: 4 | BL33: 4 | BM33: 4 | BN33: 4 | BO33: 4 | BP33: 4 | BQ33: 4 | BR33: 4 | BS33: 4 | BT33: 4 | BU33: 4 | BV33: 4 | BW33: 4 | BX33: 4 | BY33: 4 | BZ33: 4
A34: 46248.343 | B34: 동의합니다. | C34: 테스트 | D34: 1 | E34: 1 | F34: enrud1103@naver.com | G34: 3 | H34: 3 | I34: 3 | J34: 3 | K34: 3 | L34: 3 | M34: 3 | N34: 3 | O34: 3 | P34: 3 | Q34: 3 | R34: 3 | S34: 3 | T34: 3 | U34: 3 | V34: 3 | W34: 3 | X34: 3 | Y34: 3 | Z34: 3 | AA34: 3 | AB34: 3 | AC34: 3 | AD34: 3 | AE34: 3 | AF34: 3 | AG34: 3 | AH34: 3 | AI34: 3 | AJ34: 3 | AK34: 3 | AL34: 3 | AM34: 3 | AN34: 3 | AO34: 3 | AP34: 3 | AQ34: 3 | AR34: 3 | AS34: 3 | AT34: 3 | AU34: 3 | AV34: 3 | AW34: 3 | AX34: 3 | AY34: 3 | AZ34: 3 | BA34: 3 | BB34: 3 | BC34: 3 | BD34: 3 | BE34: 3 | BF34: 3 | BG34: 3 | BH34: 3 | BI34: 3 | BJ34: 3 | BK34: 3 | BL34: 3 | BM34: 3 | BN34: 3 | BO34: 3 | BP34: 3 | BQ34: 3 | BR34: 3 | BS34: 3 | BT34: 3 | BU34: 3 | BV34: 3 | BW34: 3 | BX34: 3 | BY34: 3 | BZ34: 3
A35: 46248.351 | B35: 동의합니다. | C35: 테스트 | D35: 2025 | E35: estj | F35: kimnummun@gmail.com | G35: 5 | H35: 5 | I35: 5 | J35: 5 | K35: 5 | L35: 5 | M35: 5 | N35: 5 | O35: 5 | P35: 5 | Q35: 5 | R35: 5 | S35: 5 | T35: 5 | U35: 5 | V35: 5 | W35: 5 | X35: 5 | Y35: 5 | Z35: 5 | AA35: 5 | AB35: 5 | AC35: 5 | AD35: 5 | AE35: 5 | AF35: 5 | AG35: 5 | AH35: 5 | AI35: 5 | AJ35: 5 | AK35: 5 | AL35: 5 | AM35: 5 | AN35: 5 | AO35: 5 | AP35: 5 | AQ35: 5 | AR35: 5 | AS35: 5 | AT35: 5 | AU35: 5 | AV35: 5 | AW35: 5 | AX35: 5 | AY35: 5 | AZ35: 5 | BA35: 5 | BB35: 5 | BC35: 5 | BD35: 5 | BE35: 5 | BF35: 5 | BG35: 5 | BH35: 5 | BI35: 5 | BJ35: 5 | BK35: 5 | BL35: 5 | BM35: 5 | BN35: 5 | BO35: 5 | BP35: 5 | BQ35: 5 | BR35: 5 | BS35: 5 | BT35: 5 | BU35: 5 | BV35: 5 | BW35: 5 | BX35: 5 | BY35: 5 | BZ35: 5
A36: 46248.39 | B36: 동의합니다. | C36: 테스트 | D36: 1 | E36: 1 | F36: enrud1103@naver.com | G36: 3 | H36: 3 | I36: 3 | J36: 3 | K36: 3 | L36: 3 | M36: 3 | N36: 3 | O36: 3 | P36: 3 | Q36: 3 | R36: 3 | S36: 3 | T36: 3 | U36: 3 | V36: 3 | W36: 3 | X36: 3 | Y36: 3 | Z36: 3 | AA36: 3 | AB36: 3 | AC36: 3 | AD36: 3 | AE36: 3 | AF36: 3 | AG36: 3 | AH36: 3 | AI36: 3 | AJ36: 3 | AK36: 3 | AL36: 3 | AM36: 3 | AN36: 3 | AO36: 3 | AP36: 3 | AQ36: 3 | AR36: 3 | AS36: 3 | AT36: 3 | AU36: 3 | AV36: 3 | AW36: 3 | AX36: 3 | AY36: 3 | AZ36: 3 | BA36: 3 | BB36: 3 | BC36: 3 | BD36: 3 | BE36: 3 | BF36: 3 | BG36: 3 | BH36: 3 | BI36: 3 | BJ36: 3 | BK36: 3 | BL36: 3 | BM36: 3 | BN36: 3 | BO36: 3 | BP36: 3 | BQ36: 3 | BR36: 3 | BS36: 3 | BT36: 3 | BU36: 3 | BV36: 3 | BW36: 3 | BX36: 3 | BY36: 3 | BZ36: 3
A37: 46248.403 | B37: 동의합니다. | C37: 김지욱 | D37: 2025 | E37: INFJ | F37: rlawldnr2166@gmail.com | G37: 3 | H37: 3 | I37: 3 | J37: 3 | K37: 3 | L37: 3 | M37: 3 | N37: 3 | O37: 3 | P37: 3 | Q37: 3 | R37: 3 | S37: 3 | T37: 3 | U37: 3 | V37: 3 | W37: 3 | X37: 3 | Y37: 3 | Z37: 3 | AA37: 3 | AB37: 3 | AC37: 3 | AD37: 3 | AE37: 3 | AF37: 3 | AG37: 3 | AH37: 3 | AI37: 3 | AJ37: 3 | AK37: 3 | AL37: 3 | AM37: 3 | AN37: 3 | AO37: 3 | AP37: 3 | AQ37: 3 | AR37: 3 | AS37: 3 | AT37: 3 | AU37: 3 | AV37: 3 | AW37: 3 | AX37: 3 | AY37: 3 | AZ37: 3 | BA37: 3 | BB37: 3 | BC37: 3 | BD37: 3 | BE37: 3 | BF37: 3 | BG37: 3 | BH37: 3 | BI37: 3 | BJ37: 3 | BK37: 3 | BL37: 3 | BM37: 3 | BN37: 3 | BO37: 3 | BP37: 3 | BQ37: 3 | BR37: 3 | BS37: 3 | BT37: 3 | BU37: 3 | BV37: 3 | BW37: 3 | BX37: 3 | BY37: 3 | BZ37: 3
A38: 46248.403 | B38: 동의합니다. | C38: 김지욱 | D38: 2025 | E38: INFJ | F38: rlawldnr2166@gmail.com | G38: 3 | H38: 3 | I38: 3 | J38: 3 | K38: 3 | L38: 3 | M38: 3 | N38: 3 | O38: 3 | P38: 3 | Q38: 3 | R38: 3 | S38: 3 | T38: 3 | U38: 3 | V38: 3 | W38: 3 | X38: 3 | Y38: 3 | Z38: 3 | AA38: 3 | AB38: 3 | AC38: 3 | AD38: 3 | AE38: 3 | AF38: 3 | AG38: 3 | AH38: 3 | AI38: 3 | AJ38: 3 | AK38: 3 | AL38: 3 | AM38: 3 | AN38: 3 | AO38: 3 | AP38: 3 | AQ38: 3 | AR38: 3 | AS38: 3 | AT38: 3 | AU38: 3 | AV38: 3 | AW38: 3 | AX38: 3 | AY38: 3 | AZ38: 3 | BA38: 3 | BB38: 3 | BC38: 3 | BD38: 3 | BE38: 3 | BF38: 3 | BG38: 3 | BH38: 3 | BI38: 3 | BJ38: 3 | BK38: 3 | BL38: 3 | BM38: 3 | BN38: 3 | BO38: 3 | BP38: 3 | BQ38: 3 | BR38: 3 | BS38: 3 | BT38: 3 | BU38: 3 | BV38: 3 | BW38: 3 | BX38: 3 | BY38: 3 | BZ38: 3
A39: 46248.403 | B39: 동의합니다. | C39: 양지현 | D39: 2022 | E39: ENTJ | F39: ary0423@gmail.com | G39: 1 | H39: 4 | I39: 2 | J39: 5 | K39: 5 | L39: 5 | M39: 5 | N39: 5 | O39: 4 | P39: 5 | Q39: 5 | R39: 5 | S39: 2 | T39: 5 | U39: 4 | V39: 4 | W39: 5 | X39: 4 | Y39: 4 | Z39: 4 | AA39: 2 | AB39: 5 | AC39: 5 | AD39: 5 | AE39: 2 | AF39: 5 | AG39: 5 | AH39: 5 | AI39: 5 | AJ39: 5 | AK39: 2 | AL39: 5 | AM39: 2 | AN39: 4 | AO39: 5 | AP39: 4 | AQ39: 4 | AR39: 4 | AS39: 5 | AT39: 5 | AU39: 5 | AV39: 5 | AW39: 4 | AX39: 4 | AY39: 4 | AZ39: 5 | BA39: 5 | BB39: 5 | BC39: 5 | BD39: 5 | BE39: 1 | BF39: 4 | BG39: 4 | BH39: 4 | BI39: 4 | BJ39: 4 | BK39: 4 | BL39: 4 | BM39: 4 | BN39: 4 | BO39: 3 | BP39: 3 | BQ39: 5 | BR39: 5 | BS39: 5 | BT39: 5 | BU39: 5 | BV39: 5 | BW39: 5 | BX39: 5 | BY39: 5 | BZ39: 5
A40: 46248.404 | B40: 동의합니다. | C40: 홍서희 | D40: 2025 | E40: ISTJ | F40: sally770312@gmail.com | G40: 2 | H40: 2 | I40: 2 | J40: 4 | K40: 4 | L40: 3 | M40: 3 | N40: 2 | O40: 3 | P40: 4 | Q40: 3 | R40: 5 | S40: 4 | T40: 3 | U40: 3 | V40: 3 | W40: 3 | X40: 3 | Y40: 2 | Z40: 3 | AA40: 4 | AB40: 4 | AC40: 3 | AD40: 3 | AE40: 2 | AF40: 3 | AG40: 2 | AH40: 4 | AI40: 3 | AJ40: 3 | AK40: 3 | AL40: 3 | AM40: 2 | AN40: 3 | AO40: 3 | AP40: 2 | AQ40: 3 | AR40: 2 | AS40: 3 | AT40: 3 | AU40: 4 | AV40: 4 | AW40: 2 | AX40: 3 | AY40: 3 | AZ40: 3 | BA40: 3 | BB40: 4 | BC40: 3 | BD40: 2 | BE40: 2 | BF40: 3 | BG40: 4 | BH40: 4 | BI40: 3 | BJ40: 4 | BK40: 3 | BL40: 4 | BM40: 4 | BN40: 4 | BO40: 3 | BP40: 2 | BQ40: 3 | BR40: 3 | BS40: 3 | BT40: 4 | BU40: 2 | BV40: 2 | BW40: 2 | BX40: 3 | BY40: 3 | BZ40: 3
A41: 46248.404 | B41: 동의합니다. | C41: 문경록 | D41: 2026 | E41: INTP | F41: msa602568@naver.com | G41: 3 | H41: 3 | I41: 3 | J41: 5 | K41: 5 | L41: 3 | M41: 4 | N41: 2 | O41: 3 | P41: 3 | Q41: 3 | R41: 3 | S41: 5 | T41: 3 | U41: 3 | V41: 5 | W41: 5 | X41: 2 | Y41: 2 | Z41: 4 | AA41: 3 | AB41: 5 | AC41: 5 | AD41: 3 | AE41: 2 | AF41: 3 | AG41: 4 | AH41: 5 | AI41: 4 | AJ41: 5 | AK41: 3 | AL41: 5 | AM41: 3 | AN41: 5 | AO41: 5 | AP41: 2 | AQ41: 5 | AR41: 3 | AS41: 5 | AT41: 5 | AU41: 3 | AV41: 5 | AW41: 3 | AX41: 3 | AY41: 5 | AZ41: 5 | BA41: 5 | BB41: 5 | BC41: 3 | BD41: 5 | BE41: 3 | BF41: 5 | BG41: 5 | BH41: 5 | BI41: 5 | BJ41: 3 | BK41: 5 | BL41: 4 | BM41: 5 | BN41: 5 | BO41: 2 | BP41: 2 | BQ41: 5 | BR41: 4 | BS41: 5 | BT41: 5 | BU41: 3 | BV41: 3 | BW41: 5 | BX41: 5 | BY41: 4 | BZ41: 5
A42: 46248.404 | B42: 동의합니다. | C42: 이승주 | D42: 2024 | E42: I | F42: leesj99991004@gmail.com | G42: 3 | H42: 3 | I42: 3 | J42: 4 | K42: 4 | L42: 3 | M42: 3 | N42: 3 | O42: 4 | P42: 4 | Q42: 4 | R42: 4 | S42: 3 | T42: 4 | U42: 4 | V42: 4 | W42: 3 | X42: 3 | Y42: 3 | Z42: 4 | AA42: 4 | AB42: 4 | AC42: 4 | AD42: 3 | AE42: 3 | AF42: 3 | AG42: 4 | AH42: 4 | AI42: 4 | AJ42: 4 | AK42: 3 | AL42: 3 | AM42: 3 | AN42: 3 | AO42: 4 | AP42: 3 | AQ42: 4 | AR42: 3 | AS42: 3 | AT42: 4 | AU42: 4 | AV42: 4 | AW42: 3 | AX42: 3 | AY42: 4 | AZ42: 4 | BA42: 3 | BB42: 3 | BC42: 3 | BD42: 4 | BE42: 4 | BF42: 3 | BG42: 4 | BH42: 4 | BI42: 4 | BJ42: 3 | BK42: 4 | BL42: 4 | BM42: 4 | BN42: 4 | BO42: 4 | BP42: 4 | BQ42: 4 | BR42: 4 | BS42: 4 | BT42: 4 | BU42: 3 | BV42: 4 | BW42: 3 | BX42: 4 | BY42: 3 | BZ42: 4
A43: 46248.404 | B43: 동의합니다. | C43: 유민서 | D43: 2022 학군사관60 | E43: ISTP | F43: minseo_1020@naver.con | G43: 2 | H43: 3 | I43: 4 | J43: 3 | K43: 3 | L43: 5 | M43: 4 | N43: 4 | O43: 2 | P43: 2 | Q43: 2 | R43: 5 | S43: 5 | T43: 5 | U43: 5 | V43: 5 | W43: 3 | X43: 3 | Y43: 4 | Z43: 4 | AA43: 5 | AB43: 4 | AC43: 5 | AD43: 5 | AE43: 2 | AF43: 5 | AG43: 4 | AH43: 5 | AI43: 5 | AJ43: 5 | AK43: 4 | AL43: 5 | AM43: 5 | AN43: 3 | AO43: 2 | AP43: 5 | AQ43: 5 | AR43: 2 | AS43: 1 | AT43: 3 | AU43: 4 | AV43: 4 | AW43: 2 | AX43: 4 | AY43: 5 | AZ43: 5 | BA43: 3 | BB43: 5 | BC43: 5 | BD43: 5 | BE43: 5 | BF43: 5 | BG43: 4 | BH43: 4 | BI43: 4 | BJ43: 5 | BK43: 2 | BL43: 5 | BM43: 2 | BN43: 4 | BO43: 5 | BP43: 2 | BQ43: 5 | BR43: 4 | BS43: 3 | BT43: 5 | BU43: 4 | BV43: 4 | BW43: 5 | BX43: 5 | BY43: 5 | BZ43: 5
A44: 46248.404 | B44: 동의합니다. | C44: 유민기 | D44: 2025 | E44: INFJ | F44: yumk0620@naver.com | G44: 2 | H44: 2 | I44: 4 | J44: 2 | K44: 2 | L44: 4 | M44: 2 | N44: 3 | O44: 3 | P44: 4 | Q44: 2 | R44: 3 | S44: 2 | T44: 2 | U44: 4 | V44: 4 | W44: 3 | X44: 2 | Y44: 2 | Z44: 2 | AA44: 3 | AB44: 3 | AC44: 3 | AD44: 4 | AE44: 2 | AF44: 2 | AG44: 3 | AH44: 3 | AI44: 4 | AJ44: 3 | AK44: 2 | AL44: 2 | AM44: 4 | AN44: 2 | AO44: 2 | AP44: 2 | AQ44: 3 | AR44: 2 | AS44: 3 | AT44: 3 | AU44: 3 | AV44: 3 | AW44: 2 | AX44: 2 | AY44: 3 | AZ44: 2 | BA44: 3 | BB44: 3 | BC44: 2 | BD44: 3 | BE44: 4 | BF44: 4 | BG44: 3 | BH44: 4 | BI44: 2 | BJ44: 3 | BK44: 3 | BL44: 3 | BM44: 3 | BN44: 3 | BO44: 2 | BP44: 2 | BQ44: 3 | BR44: 3 | BS44: 2 | BT44: 3 | BU44: 2 | BV44: 3 | BW44: 3 | BX44: 3 | BY44: 4 | BZ44: 3
A45: 46248.404 | B45: 동의합니다. | C45: 정형주 | D45: 2026 | E45: INFP | F45: jeonghyoengju@gmail.com | G45: 5 | H45: 4 | I45: 5 | J45: 5 | K45: 3 | L45: 4 | M45: 3 | N45: 5 | O45: 5 | P45: 5 | Q45: 4 | R45: 3 | S45: 2 | T45: 4 | U45: 5 | V45: 3 | W45: 4 | X45: 5 | Y45: 4 | Z45: 5 | AA45: 4 | AB45: 4 | AC45: 4 | AD45: 3 | AE45: 3 | AF45: 4 | AG45: 4 | AH45: 4 | AI45: 4 | AJ45: 5 | AK45: 5 | AL45: 4 | AM45: 4 | AN45: 5 | AO45: 5 | AP45: 4 | AQ45: 4 | AR45: 4 | AS45: 5 | AT45: 5 | AU45: 5 | AV45: 4 | AW45: 4 | AX45: 4 | AY45: 2 | AZ45: 5 | BA45: 4 | BB45: 3 | BC45: 4 | BD45: 5 | BE45: 4 | BF45: 3 | BG45: 4 | BH45: 4 | BI45: 4 | BJ45: 4 | BK45: 5 | BL45: 4 | BM45: 5 | BN45: 4 | BO45: 4 | BP45: 4 | BQ45: 5 | BR45: 5 | BS45: 5 | BT45: 5 | BU45: 4 | BV45: 4 | BW45: 4 | BX45: 5 | BY45: 4 | BZ45: 5
A46: 46248.404 | B46: 동의합니다. | C46: 김정민 | D46: 2026 | E46: ENFJ | F46: kimddang0212@naver.com | G46: 3 | H46: 2 | I46: 4 | J46: 5 | K46: 4 | L46: 3 | M46: 2 | N46: 3 | O46: 5 | P46: 5 | Q46: 4 | R46: 5 | S46: 3 | T46: 4 | U46: 2 | V46: 4 | W46: 4 | X46: 2 | Y46: 1 | Z46: 2 | AA46: 5 | AB46: 5 | AC46: 5 | AD46: 3 | AE46: 1 | AF46: 4 | AG46: 4 | AH46: 5 | AI46: 4 | AJ46: 2 | AK46: 2 | AL46: 4 | AM46: 2 | AN46: 5 | AO46: 4 | AP46: 1 | AQ46: 2 | AR46: 2 | AS46: 5 | AT46: 5 | AU46: 5 | AV46: 4 | AW46: 1 | AX46: 3 | AY46: 5 | AZ46: 4 | BA46: 5 | BB46: 4 | BC46: 3 | BD46: 4 | BE46: 3 | BF46: 5 | BG46: 5 | BH46: 4 | BI46: 4 | BJ46: 5 | BK46: 5 | BL46: 4 | BM46: 5 | BN46: 3 | BO46: 3 | BP46: 2 | BQ46: 5 | BR46: 5 | BS46: 4 | BT46: 4 | BU46: 2 | BV46: 4 | BW46: 4 | BX46: 4 | BY46: 4 | BZ46: 4
A47: 46248.404 | B47: 동의합니다. | C47: 김원우 | D47: 2026 | E47: ENFP | F47: kimwonwoo2003@naver.com | G47: 1 | H47: 1 | I47: 4 | J47: 4 | K47: 4 | L47: 4 | M47: 2 | N47: 2 | O47: 4 | P47: 4 | Q47: 5 | R47: 5 | S47: 3 | T47: 3 | U47: 2 | V47: 5 | W47: 4 | X47: 2 | Y47: 2 | Z47: 2 | AA47: 5 | AB47: 5 | AC47: 5 | AD47: 2 | AE47: 2 | AF47: 3 | AG47: 5 | AH47: 5 | AI47: 5 | AJ47: 5 | AK47: 5 | AL47: 3 | AM47: 5 | AN47: 5 | AO47: 5 | AP47: 2 | AQ47: 5 | AR47: 4 | AS47: 5 | AT47: 5 | AU47: 5 | AV47: 5 | AW47: 2 | AX47: 3 | AY47: 4 | AZ47: 4 | BA47: 5 | BB47: 5 | BC47: 4 | BD47: 4 | BE47: 5 | BF47: 5 | BG47: 5 | BH47: 5 | BI47: 3 | BJ47: 3 | BK47: 4 | BL47: 4 | BM47: 5 | BN47: 5 | BO47: 3 | BP47: 2 | BQ47: 2 | BR47: 4 | BS47: 5 | BT47: 4 | BU47: 2 | BV47: 3 | BW47: 3 | BX47: 5 | BY47: 5 | BZ47: 3
A48: 46248.404 | B48: 동의합니다. | C48: 티모대위 | D48: 25 | E48: Enfp | F48: 2000aaron0002@gmail.com | G48: 5 | H48: 5 | I48: 5 | J48: 5 | K48: 5 | L48: 5 | M48: 5 | N48: 5 | O48: 5 | P48: 5 | Q48: 5 | R48: 5 | S48: 5 | T48: 5 | U48: 5 | V48: 5 | W48: 5 | X48: 5 | Y48: 5 | Z48: 5 | AA48: 5 | AB48: 5 | AC48: 5 | AD48: 5 | AE48: 5 | AF48: 5 | AG48: 5 | AH48: 5 | AI48: 5 | AJ48: 4 | AK48: 5 | AL48: 5 | AM48: 5 | AN48: 5 | AO48: 5 | AP48: 5 | AQ48: 3 | AR48: 5 | AS48: 5 | AT48: 5 | AU48: 5 | AV48: 5 | AW48: 5 | AX48: 5 | AY48: 5 | AZ48: 5 | BA48: 5 | BB48: 5 | BC48: 5 | BD48: 5 | BE48: 5 | BF48: 5 | BG48: 5 | BH48: 5 | BI48: 5 | BJ48: 5 | BK48: 5 | BL48: 5 | BM48: 3 | BN48: 5 | BO48: 5 | BP48: 5 | BQ48: 5 | BR48: 5 | BS48: 5 | BT48: 5 | BU48: 5 | BV48: 5 | BW48: 5 | BX48: 5 | BY48: 5 | BZ48: 5
A49: 46248.404 | B49: 동의합니다. | C49: 문종민 | D49: 2025 | E49: INFP | F49: mjm7784@naver.com | G49: 3 | H49: 2 | I49: 2 | J49: 4 | K49: 4 | L49: 1 | M49: 1 | N49: 2 | O49: 4 | P49: 2 | Q49: 2 | R49: 3 | S49: 3 | T49: 2 | U49: 2 | V49: 4 | W49: 2 | X49: 2 | Y49: 1 | Z49: 1 | AA49: 1 | AB49: 4 | AC49: 4 | AD49: 1 | AE49: 1 | AF49: 1 | AG49: 2 | AH49: 4 | AI49: 3 | AJ49: 2 | AK49: 1 | AL49: 2 | AM49: 2 | AN49: 4 | AO49: 3 | AP49: 1 | AQ49: 3 | AR49: 1 | AS49: 2 | AT49: 4 | AU49: 2 | AV49: 1 | AW49: 1 | AX49: 1 | AY49: 4 | AZ49: 4 | BA49: 2 | BB49: 3 | BC49: 3 | BD49: 2 | BE49: 2 | BF49: 4 | BG49: 4 | BH49: 1 | BI49: 2 | BJ49: 3 | BK49: 3 | BL49: 2 | BM49: 3 | BN49: 1 | BO49: 3 | BP49: 2 | BQ49: 2 | BR49: 4 | BS49: 4 | BT49: 4 | BU49: 2 | BV49: 2 | BW49: 3 | BX49: 3 | BY49: 2 | BZ49: 3
A50: 46248.404 | B50: 동의합니다. | C50: 이철규 | D50: 2022 | E50: INTP | F50: jka0528@naver.com | G50: 3 | H50: 4 | I50: 2 | J50: 5 | K50: 4 | L50: 4 | M50: 4 | N50: 3 | O50: 4 | P50: 4 | Q50: 4 | R50: 5 | S50: 5 | T50: 4 | U50: 2 | V50: 4 | W50: 4 | X50: 2 | Y50: 3 | Z50: 5 | AA50: 2 | AB50: 4 | AC50: 4 | AD50: 2 | AE50: 2 | AF50: 4 | AG50: 4 | AH50: 5 | AI50: 4 | AJ50: 5 | AK50: 5 | AL50: 4 | AM50: 2 | AN50: 5 | AO50: 4 | AP50: 2 | AQ50: 5 | AR50: 5 | AS50: 4 | AT50: 5 | AU50: 4 | AV50: 4 | AW50: 3 | AX50: 4 | AY50: 2 | AZ50: 5 | BA50: 5 | BB50: 4 | BC50: 4 | BD50: 4 | BE50: 2 | BF50: 5 | BG50: 4 | BH50: 4 | BI50: 4 | BJ50: 3 | BK50: 3 | BL50: 5 | BM50: 5 | BN50: 4 | BO50: 4 | BP50: 4 | BQ50: 4 | BR50: 5 | BS50: 5 | BT50: 4 | BU50: 4 | BV50: 4 | BW50: 4 | BX50: 4 | BY50: 4 | BZ50: 4
A51: 46248.405 | B51: 동의합니다. | C51: 김준모 | D51: 2024 | E51: istp | F51: kjm095400@naver.com | G51: 4 | H51: 4 | I51: 1 | J51: 5 | K51: 5 | L51: 3 | M51: 3 | N51: 2 | O51: 3 | P51: 3 | Q51: 3 | R51: 5 | S51: 5 | T51: 2 | U51: 1 | V51: 3 | W51: 5 | X51: 3 | Y51: 3 | Z51: 2 | AA51: 3 | AB51: 3 | AC51: 4 | AD51: 3 | AE51: 2 | AF51: 3 | AG51: 3 | AH51: 5 | AI51: 5 | AJ51: 5 | AK51: 3 | AL51: 3 | AM51: 2 | AN51: 5 | AO51: 5 | AP51: 2 | AQ51: 5 | AR51: 3 | AS51: 3 | AT51: 3 | AU51: 4 | AV51: 5 | AW51: 3 | AX51: 3 | AY51: 3 | AZ51: 5 | BA51: 3 | BB51: 4 | BC51: 5 | BD51: 3 | BE51: 2 | BF51: 5 | BG51: 5 | BH51: 4 | BI51: 5 | BJ51: 3 | BK51: 3 | BL51: 2 | BM51: 5 | BN51: 5 | BO51: 3 | BP51: 3 | BQ51: 5 | BR51: 5 | BS51: 5 | BT51: 5 | BU51: 3 | BV51: 3 | BW51: 3 | BX51: 3 | BY51: 5 | BZ51: 5
A52: 46248.405 | B52: 동의합니다. | C52: 김성원 | D52: 2024 | E52: INFJ | F52: kimseong01@naver.com | G52: 4 | H52: 4 | I52: 1 | J52: 4 | K52: 4 | L52: 5 | M52: 4 | N52: 2 | O52: 4 | P52: 4 | Q52: 2 | R52: 3 | S52: 4 | T52: 3 | U52: 1 | V52: 3 | W52: 3 | X52: 3 | Y52: 4 | Z52: 3 | AA52: 2 | AB52: 3 | AC52: 2 | AD52: 4 | AE52: 4 | AF52: 3 | AG52: 3 | AH52: 4 | AI52: 3 | AJ52: 4 | AK52: 4 | AL52: 4 | AM52: 1 | AN52: 3 | AO52: 4 | AP52: 4 | AQ52: 4 | AR52: 3 | AS52: 4 | AT52: 4 | AU52: 4 | AV52: 4 | AW52: 4 | AX52: 4 | AY52: 4 | AZ52: 4 | BA52: 4 | BB52: 5 | BC52: 3 | BD52: 3 | BE52: 1 | BF52: 4 | BG52: 4 | BH52: 4 | BI52: 4 | BJ52: 4 | BK52: 4 | BL52: 4 | BM52: 5 | BN52: 4 | BO52: 4 | BP52: 4 | BQ52: 4 | BR52: 4 | BS52: 4 | BT52: 4 | BU52: 3 | BV52: 4 | BW52: 4 | BX52: 4 | BY52: 4 | BZ52: 4
A53: 46248.405 | B53: 동의합니다. | C53: 이태준 | D53: 2024 | E53: ISTP | F53: l223322@naver.com | G53: 3 | H53: 2 | I53: 2 | J53: 4 | K53: 4 | L53: 3 | M53: 2 | N53: 3 | O53: 3 | P53: 3 | Q53: 3 | R53: 4 | S53: 3 | T53: 3 | U53: 2 | V53: 5 | W53: 5 | X53: 3 | Y53: 5 | Z53: 3 | AA53: 4 | AB53: 5 | AC53: 5 | AD53: 4 | AE53: 2 | AF53: 3 | AG53: 3 | AH53: 5 | AI53: 4 | AJ53: 5 | AK53: 3 | AL53: 3 | AM53: 2 | AN53: 3 | AO53: 2 | AP53: 3 | AQ53: 3 | AR53: 2 | AS53: 2 | AT53: 2 | AU53: 3 | AV53: 3 | AW53: 2 | AX53: 3 | AY53: 3 | AZ53: 4 | BA53: 3 | BB53: 3 | BC53: 3 | BD53: 3 | BE53: 2 | BF53: 4 | BG53: 4 | BH53: 4 | BI53: 4 | BJ53: 3 | BK53: 3 | BL53: 2 | BM53: 4 | BN53: 4 | BO53: 4 | BP53: 3 | BQ53: 5 | BR53: 5 | BS53: 5 | BT53: 5 | BU53: 5 | BV53: 4 | BW53: 4 | BX53: 4 | BY53: 4 | BZ53: 4
A54: 46248.405 | B54: 동의합니다. | C54: 이장엽 | D54: 2024 | E54: INFJ | F54: book3688@naver.com | G54: 3 | H54: 2 | I54: 2 | J54: 5 | K54: 5 | L54: 4 | M54: 4 | N54: 4 | O54: 4 | P54: 4 | Q54: 4 | R54: 4 | S54: 5 | T54: 3 | U54: 2 | V54: 3 | W54: 4 | X54: 3 | Y54: 3 | Z54: 3 | AA54: 4 | AB54: 4 | AC54: 4 | AD54: 4 | AE54: 2 | AF54: 4 | AG54: 4 | AH54: 5 | AI54: 4 | AJ54: 4 | AK54: 3 | AL54: 4 | AM54: 2 | AN54: 4 | AO54: 4 | AP54: 3 | AQ54: 5 | AR54: 4 | AS54: 4 | AT54: 5 | AU54: 4 | AV54: 4 | AW54: 2 | AX54: 3 | AY54: 3 | AZ54: 5 | BA54: 5 | BB54: 4 | BC54: 5 | BD54: 4 | BE54: 2 | BF54: 4 | BG54: 4 | BH54: 4 | BI54: 4 | BJ54: 4 | BK54: 4 | BL54: 4 | BM54: 4 | BN54: 4 | BO54: 4 | BP54: 4 | BQ54: 4 | BR54: 5 | BS54: 5 | BT54: 5 | BU54: 4 | BV54: 4 | BW54: 4 | BX54: 4 | BY54: 4 | BZ54: 4
A55: 46248.405 | B55: 동의합니다. | C55: 한재의 | D55: 2024 | E55: ISTJ | F55: jaeeui0403@naver.com | G55: 3 | H55: 3 | I55: 4 | J55: 5 | K55: 5 | L55: 4 | M55: 3 | N55: 5 | O55: 4 | P55: 5 | Q55: 5 | R55: 5 | S55: 3 | T55: 4 | U55: 4 | V55: 5 | W55: 5 | X55: 3 | Y55: 3 | Z55: 5 | AA55: 5 | AB55: 5 | AC55: 5 | AD55: 5 | AE55: 4 | AF55: 5 | AG55: 4 | AH55: 5 | AI55: 5 | AJ55: 5 | AK55: 4 | AL55: 5 | AM55: 4 | AN55: 5 | AO55: 5 | AP55: 3 | AQ55: 4 | AR55: 5 | AS55: 3 | AT55: 5 | AU55: 5 | AV55: 5 | AW55: 4 | AX55: 5 | AY55: 3 | AZ55: 4 | BA55: 5 | BB55: 5 | BC55: 4 | BD55: 5 | BE55: 4 | BF55: 5 | BG55: 5 | BH55: 5 | BI55: 5 | BJ55: 5 | BK55: 4 | BL55: 5 | BM55: 5 | BN55: 5 | BO55: 5 | BP55: 3 | BQ55: 5 | BR55: 5 | BS55: 5 | BT55: 5 | BU55: 4 | BV55: 5 | BW55: 5 | BX55: 5 | BY55: 5 | BZ55: 5
A56: 46248.405 | B56: 동의합니다. | C56: 이성욱 | D56: 2022 | E56: ISTP | F56: himrlee1999@naver.com | G56: 3 | H56: 3 | I56: 2 | J56: 4 | K56: 3 | L56: 3 | M56: 3 | N56: 3 | O56: 3 | P56: 3 | Q56: 3 | R56: 5 | S56: 3 | T56: 4 | U56: 1 | V56: 4 | W56: 3 | X56: 3 | Y56: 3 | Z56: 4 | AA56: 2 | AB56: 5 | AC56: 4 | AD56: 3 | AE56: 5 | AF56: 3 | AG56: 3 | AH56: 5 | AI56: 4 | AJ56: 4 | AK56: 4 | AL56: 4 | AM56: 1 | AN56: 3 | AO56: 3 | AP56: 2 | AQ56: 3 | AR56: 4 | AS56: 3 | AT56: 4 | AU56: 3 | AV56: 4 | AW56: 4 | AX56: 3 | AY56: 4 | AZ56: 4 | BA56: 4 | BB56: 3 | BC56: 4 | BD56: 4 | BE56: 1 | BF56: 5 | BG56: 5 | BH56: 4 | BI56: 2 | BJ56: 4 | BK56: 3 | BL56: 3 | BM56: 3 | BN56: 3 | BO56: 5 | BP56: 5 | BQ56: 3 | BR56: 5 | BS56: 4 | BT56: 3 | BU56: 3 | BV56: 3 | BW56: 4 | BX56: 3 | BY56: 4 | BZ56: 3
A57: 46248.405 | B57: 동의합니다. | C57: 장민혁 | D57: 26.3.1 | E57: INFP | F57: mingur3114@naver.com | G57: 2 | H57: 2 | I57: 1 | J57: 4 | K57: 3 | L57: 4 | M57: 4 | N57: 3 | O57: 2 | P57: 3 | Q57: 3 | R57: 5 | S57: 4 | T57: 4 | U57: 2 | V57: 5 | W57: 4 | X57: 4 | Y57: 5 | Z57: 3 | AA57: 3 | AB57: 5 | AC57: 5 | AD57: 4 | AE57: 1 | AF57: 2 | AG57: 1 | AH57: 5 | AI57: 4 | AJ57: 5 | AK57: 4 | AL57: 3 | AM57: 2 | AN57: 4 | AO57: 2 | AP57: 3 | AQ57: 4 | AR57: 2 | AS57: 3 | AT57: 4 | AU57: 3 | AV57: 5 | AW57: 2 | AX57: 3 | AY57: 3 | AZ57: 4 | BA57: 2 | BB57: 3 | BC57: 3 | BD57: 3 | BE57: 1 | BF57: 4 | BG57: 3 | BH57: 4 | BI57: 5 | BJ57: 3 | BK57: 2 | BL57: 3 | BM57: 4 | BN57: 4 | BO57: 4 | BP57: 2 | BQ57: 2 | BR57: 5 | BS57: 4 | BT57: 5 | BU57: 2 | BV57: 2 | BW57: 4 | BX57: 4 | BY57: 3 | BZ57: 5
A58: 46248.405 | B58: 동의합니다. | C58: 정인준 | D58: 2025 | E58: ISFP | F58: injun2002@naver.com | G58: 1 | H58: 3 | I58: 1 | J58: 5 | K58: 4 | L58: 4 | M58: 3 | N58: 5 | O58: 2 | P58: 3 | Q58: 4 | R58: 5 | S58: 3 | T58: 4 | U58: 2 | V58: 3 | W58: 4 | X58: 4 | Y58: 4 | Z58: 4 | AA58: 2 | AB58: 5 | AC58: 4 | AD58: 4 | AE58: 1 | AF58: 4 | AG58: 2 | AH58: 5 | AI58: 4 | AJ58: 5 | AK58: 4 | AL58: 3 | AM58: 1 | AN58: 3 | AO58: 3 | AP58: 3 | AQ58: 2 | AR58: 4 | AS58: 3 | AT58: 3 | AU58: 4 | AV58: 3 | AW58: 3 | AX58: 3 | AY58: 3 | AZ58: 4 | BA58: 4 | BB58: 5 | BC58: 4 | BD58: 4 | BE58: 1 | BF58: 4 | BG58: 4 | BH58: 4 | BI58: 4 | BJ58: 4 | BK58: 4 | BL58: 4 | BM58: 4 | BN58: 5 | BO58: 3 | BP58: 2 | BQ58: 3 | BR58: 4 | BS58: 4 | BT58: 4 | BU58: 4 | BV58: 4 | BW58: 4 | BX58: 4 | BY58: 4 | BZ58: 5
A59: 46248.405 | B59: 동의합니다. | C59: 김동규 | D59: 2025 | E59: Infp | F59: cjkimdg21@naver.com | G59: 3 | H59: 2 | I59: 2 | J59: 4 | K59: 3 | L59: 2 | M59: 3 | N59: 2 | O59: 3 | P59: 3 | Q59: 3 | R59: 3 | S59: 2 | T59: 2 | U59: 2 | V59: 3 | W59: 3 | X59: 2 | Y59: 2 | Z59: 3 | AA59: 4 | AB59: 4 | AC59: 4 | AD59: 3 | AE59: 3 | AF59: 4 | AG59: 3 | AH59: 3 | AI59: 3 | AJ59: 3 | AK59: 3 | AL59: 3 | AM59: 3 | AN59: 3 | AO59: 3 | AP59: 3 | AQ59: 3 | AR59: 3 | AS59: 3 | AT59: 3 | AU59: 3 | AV59: 3 | AW59: 3 | AX59: 3 | AY59: 3 | AZ59: 3 | BA59: 3 | BB59: 3 | BC59: 2 | BD59: 2 | BE59: 2 | BF59: 3 | BG59: 2 | BH59: 3 | BI59: 4 | BJ59: 3 | BK59: 3 | BL59: 2 | BM59: 3 | BN59: 3 | BO59: 3 | BP59: 3 | BQ59: 2 | BR59: 3 | BS59: 3 | BT59: 4 | BU59: 3 | BV59: 2 | BW59: 2 | BX59: 3 | BY59: 2 | BZ59: 4
A60: 46248.405 | B60: 동의합니다. | C60: 허재호 | D60: 2023 | E60: ESFJ | F60: gjwogh2311@naver.com | G60: 2 | H60: 2 | I60: 5 | J60: 4 | K60: 4 | L60: 3 | M60: 4 | N60: 2 | O60: 4 | P60: 5 | Q60: 4 | R60: 5 | S60: 5 | T60: 3 | U60: 4 | V60: 5 | W60: 3 | X60: 1 | Y60: 2 | Z60: 3 | AA60: 4 | AB60: 5 | AC60: 5 | AD60: 3 | AE60: 1 | AF60: 3 | AG60: 4 | AH60: 5 | AI60: 4 | AJ60: 4 | AK60: 5 | AL60: 3 | AM60: 4 | AN60: 5 | AO60: 1 | AP60: 2 | AQ60: 5 | AR60: 3 | AS60: 2 | AT60: 4 | AU60: 4 | AV60: 4 | AW60: 1 | AX60: 4 | AY60: 4 | AZ60: 5 | BA60: 5 | BB60: 5 | BC60: 5 | BD60: 3 | BE60: 4 | BF60: 5 | BG60: 5 | BH60: 5 | BI60: 4 | BJ60: 4 | BK60: 3 | BL60: 5 | BM60: 5 | BN60: 4 | BO60: 4 | BP60: 1 | BQ60: 4 | BR60: 5 | BS60: 5 | BT60: 4 | BU60: 4 | BV60: 4 | BW60: 3 | BX60: 4 | BY60: 5 | BZ60: 4
A61: 46248.405 | B61: 동의합니다. | C61: 송원범 | D61: 2024 | E61: ESTJ | F61: swb313@naver.com | G61: 4 | H61: 3 | I61: 2 | J61: 3 | K61: 3 | L61: 3 | M61: 3 | N61: 3 | O61: 3 | P61: 3 | Q61: 3 | R61: 3 | S61: 3 | T61: 3 | U61: 2 | V61: 3 | W61: 3 | X61: 3 | Y61: 2 | Z61: 2 | AA61: 4 | AB61: 3 | AC61: 3 | AD61: 2 | AE61: 1 | AF61: 3 | AG61: 2 | AH61: 3 | AI61: 3 | AJ61: 3 | AK61: 3 | AL61: 2 | AM61: 1 | AN61: 3 | AO61: 3 | AP61: 1 | AQ61: 1 | AR61: 1 | AS61: 3 | AT61: 3 | AU61: 3 | AV61: 4 | AW61: 1 | AX61: 1 | AY61: 4 | AZ61: 3 | BA61: 4 | BB61: 4 | BC61: 3 | BD61: 2 | BE61: 1 | BF61: 4 | BG61: 3 | BH61: 3 | BI61: 4 | BJ61: 4 | BK61: 3 | BL61: 3 | BM61: 4 | BN61: 2 | BO61: 3 | BP61: 3 | BQ61: 4 | BR61: 4 | BS61: 4 | BT61: 4 | BU61: 4 | BV61: 3 | BW61: 4 | BX61: 4 | BY61: 3 | BZ61: 4
A62: 46248.405 | B62: 동의합니다. | C62: 권우성 | D62: 2026 | E62: INFP | F62: gouoso@naver.com | G62: 4 | H62: 3 | I62: 2 | J62: 4 | K62: 3 | L62: 1 | M62: 4 | N62: 1 | O62: 1 | P62: 1 | Q62: 1 | R62: 1 | S62: 1 | T62: 1 | U62: 1 | V62: 3 | W62: 1 | X62: 1 | Y62: 1 | Z62: 2 | AA62: 4 | AB62: 4 | AC62: 4 | AD62: 1 | AE62: 1 | AF62: 1 | AG62: 1 | AH62: 4 | AI62: 1 | AJ62: 4 | AK62: 1 | AL62: 1 | AM62: 1 | AN62: 1 | AO62: 1 | AP62: 1 | AQ62: 1 | AR62: 1 | AS62: 2 | AT62: 2 | AU62: 1 | AV62: 3 | AW62: 1 | AX62: 1 | AY62: 4 | AZ62: 3 | BA62: 2 | BB62: 3 | BC62: 3 | BD62: 1 | BE62: 1 | BF62: 4 | BG62: 2 | BH62: 3 | BI62: 4 | BJ62: 2 | BK62: 2 | BL62: 3 | BM62: 4 | BN62: 4 | BO62: 2 | BP62: 2 | BQ62: 3 | BR62: 4 | BS62: 2 | BT62: 3 | BU62: 2 | BV62: 1 | BW62: 2 | BX62: 3 | BY62: 2 | BZ62: 2
A63: 46248.405 | B63: 동의합니다. | C63: 박시원 | D63: 2025 | E63: ISFP | F63: c1020719@naver.com | G63: 3 | H63: 4 | I63: 3 | J63: 4 | K63: 3 | L63: 3 | M63: 4 | N63: 3 | O63: 3 | P63: 2 | Q63: 3 | R63: 4 | S63: 4 | T63: 3 | U63: 5 | V63: 5 | W63: 3 | X63: 2 | Y63: 4 | Z63: 4 | AA63: 4 | AB63: 4 | AC63: 3 | AD63: 4 | AE63: 2 | AF63: 3 | AG63: 3 | AH63: 5 | AI63: 3 | AJ63: 4 | AK63: 4 | AL63: 5 | AM63: 3 | AN63: 3 | AO63: 3 | AP63: 4 | AQ63: 3 | AR63: 3 | AS63: 3 | AT63: 4 | AU63: 5 | AV63: 5 | AW63: 3 | AX63: 3 | AY63: 4 | AZ63: 5 | BA63: 4 | BB63: 4 | BC63: 4 | BD63: 3 | BE63: 3 | BF63: 4 | BG63: 4 | BH63: 5 | BI63: 4 | BJ63: 4 | BK63: 3 | BL63: 3 | BM63: 5 | BN63: 4 | BO63: 4 | BP63: 2 | BQ63: 4 | BR63: 5 | BS63: 3 | BT63: 5 | BU63: 3 | BV63: 3 | BW63: 4 | BX63: 4 | BY63: 3 | BZ63: 4
A64: 46248.405 | B64: 동의합니다. | C64: 조민수 | D64: 2023 | E64: ENFP | F64: swa07152@naver.com | G64: 3 | H64: 4 | I64: 3 | J64: 4 | K64: 2 | L64: 3 | M64: 2 | N64: 4 | O64: 5 | P64: 3 | Q64: 2 | R64: 5 | S64: 4 | T64: 3 | U64: 4 | V64: 4 | W64: 3 | X64: 4 | Y64: 2 | Z64: 4 | AA64: 5 | AB64: 4 | AC64: 3 | AD64: 5 | AE64: 3 | AF64: 3 | AG64: 4 | AH64: 5 | AI64: 3 | AJ64: 5 | AK64: 4 | AL64: 4 | AM64: 3 | AN64: 4 | AO64: 4 | AP64: 3 | AQ64: 4 | AR64: 3 | AS64: 4 | AT64: 4 | AU64: 3 | AV64: 5 | AW64: 3 | AX64: 4 | AY64: 3 | AZ64: 5 | BA64: 4 | BB64: 5 | BC64: 4 | BD64: 5 | BE64: 3 | BF64: 5 | BG64: 4 | BH64: 4 | BI64: 5 | BJ64: 3 | BK64: 3 | BL64: 4 | BM64: 4 | BN64: 5 | BO64: 4 | BP64: 3 | BQ64: 4 | BR64: 5 | BS64: 5 | BT64: 5 | BU64: 3 | BV64: 4 | BW64: 4 | BX64: 5 | BY64: 4 | BZ64: 5
A65: 46248.405 | B65: 동의합니다. | C65: 이규현 | D65: 2025 | E65: ENTJ | F65: zxcv94832224@gmail.com | G65: 2 | H65: 3 | I65: 5 | J65: 5 | K65: 3 | L65: 3 | M65: 3 | N65: 1 | O65: 1 | P65: 4 | Q65: 1 | R65: 3 | S65: 2 | T65: 3 | U65: 5 | V65: 5 | W65: 3 | X65: 2 | Y65: 2 | Z65: 2 | AA65: 5 | AB65: 4 | AC65: 4 | AD65: 2 | AE65: 1 | AF65: 1 | AG65: 3 | AH65: 4 | AI65: 2 | AJ65: 3 | AK65: 2 | AL65: 4 | AM65: 5 | AN65: 4 | AO65: 1 | AP65: 1 | AQ65: 1 | AR65: 1 | AS65: 3 | AT65: 4 | AU65: 3 | AV65: 5 | AW65: 3 | AX65: 2 | AY65: 5 | AZ65: 5 | BA65: 4 | BB65: 3 | BC65: 2 | BD65: 2 | BE65: 5 | BF65: 4 | BG65: 3 | BH65: 4 | BI65: 3 | BJ65: 1 | BK65: 1 | BL65: 5 | BM65: 3 | BN65: 5 | BO65: 3 | BP65: 1 | BQ65: 4 | BR65: 5 | BS65: 3 | BT65: 3 | BU65: 2 | BV65: 2 | BW65: 4 | BX65: 3 | BY65: 3 | BZ65: 3
A66: 46248.405 | B66: 동의합니다. | C66: 남민석 | D66: 2021 | E66: INFP | F66: fa929as2@naver.com | G66: 3 | H66: 3 | I66: 4 | J66: 5 | K66: 5 | L66: 4 | M66: 1 | N66: 2 | O66: 3 | P66: 5 | Q66: 2 | R66: 5 | S66: 4 | T66: 3 | U66: 2 | V66: 5 | W66: 4 | X66: 4 | Y66: 3 | Z66: 3 | AA66: 4 | AB66: 5 | AC66: 5 | AD66: 2 | AE66: 2 | AF66: 3 | AG66: 3 | AH66: 5 | AI66: 3 | AJ66: 5 | AK66: 3 | AL66: 3 | AM66: 3 | AN66: 5 | AO66: 3 | AP66: 3 | AQ66: 4 | AR66: 3 | AS66: 3 | AT66: 5 | AU66: 5 | AV66: 5 | AW66: 3 | AX66: 4 | AY66: 3 | AZ66: 5 | BA66: 3 | BB66: 5 | BC66: 4 | BD66: 4 | BE66: 4 | BF66: 5 | BG66: 4 | BH66: 5 | BI66: 4 | BJ66: 4 | BK66: 4 | BL66: 4 | BM66: 4 | BN66: 5 | BO66: 4 | BP66: 3 | BQ66: 5 | BR66: 5 | BS66: 5 | BT66: 5 | BU66: 4 | BV66: 5 | BW66: 5 | BX66: 5 | BY66: 4 | BZ66: 5
A67: 46248.405 | B67: 동의합니다. | C67: 김민규 | D67: 2026 | E67: ENFP | F67: oys030525@naver.com | G67: 5 | H67: 5 | I67: 3 | J67: 5 | K67: 5 | L67: 4 | M67: 4 | N67: 3 | O67: 4 | P67: 5 | Q67: 5 | R67: 5 | S67: 5 | T67: 4 | U67: 2 | V67: 5 | W67: 5 | X67: 4 | Y67: 3 | Z67: 3 | AA67: 3 | AB67: 5 | AC67: 5 | AD67: 4 | AE67: 2 | AF67: 4 | AG67: 4 | AH67: 5 | AI67: 5 | AJ67: 5 | AK67: 5 | AL67: 4 | AM67: 2 | AN67: 4 | AO67: 4 | AP67: 3 | AQ67: 5 | AR67: 4 | AS67: 5 | AT67: 5 | AU67: 5 | AV67: 4 | AW67: 3 | AX67: 3 | AY67: 3 | AZ67: 4 | BA67: 5 | BB67: 4 | BC67: 5 | BD67: 5 | BE67: 2 | BF67: 5 | BG67: 5 | BH67: 5 | BI67: 4 | BJ67: 4 | BK67: 4 | BL67: 4 | BM67: 5 | BN67: 4 | BO67: 5 | BP67: 3 | BQ67: 4 | BR67: 5 | BS67: 5 | BT67: 5 | BU67: 5 | BV67: 4 | BW67: 5 | BX67: 5 | BY67: 5 | BZ67: 4
A68: 46248.406 | B68: 동의합니다. | C68: 윤민식 | D68: 2022 | E68: ENFJ | F68: 96yunms@naver.com | G68: 5 | H68: 5 | I68: 5 | J68: 4 | K68: 4 | L68: 4 | M68: 4 | N68: 3 | O68: 3 | P68: 5 | Q68: 4 | R68: 4 | S68: 2 | T68: 3 | U68: 4 | V68: 4 | W68: 4 | X68: 2 | Y68: 2 | Z68: 5 | AA68: 4 | AB68: 4 | AC68: 2 | AD68: 2 | AE68: 1 | AF68: 4 | AG68: 4 | AH68: 4 | AI68: 4 | AJ68: 4 | AK68: 4 | AL68: 4 | AM68: 4 | AN68: 4 | AO68: 2 | AP68: 1 | AQ68: 4 | AR68: 4 | AS68: 4 | AT68: 5 | AU68: 5 | AV68: 4 | AW68: 4 | AX68: 4 | AY68: 2 | AZ68: 4 | BA68: 5 | BB68: 3 | BC68: 5 | BD68: 5 | BE68: 5 | BF68: 5 | BG68: 5 | BH68: 5 | BI68: 3 | BJ68: 5 | BK68: 4 | BL68: 4 | BM68: 5 | BN68: 3 | BO68: 3 | BP68: 2 | BQ68: 2 | BR68: 5 | BS68: 5 | BT68: 3 | BU68: 4 | BV68: 4 | BW68: 4 | BX68: 4 | BY68: 4 | BZ68: 2
A69: 46248.406 | B69: 동의합니다. | C69: 이영무 | D69: 2025 | F69: ymsch1129@gmail.com | G69: 3 | H69: 3 | I69: 2 | J69: 5 | K69: 5 | L69: 4 | M69: 2 | N69: 5 | O69: 4 | P69: 4 | Q69: 5 | R69: 4 | S69: 3 | T69: 5 | U69: 2 | V69: 4 | W69: 5 | X69: 4 | Y69: 2 | Z69: 5 | AA69: 5 | AB69: 5 | AC69: 5 | AD69: 4 | AE69: 2 | AF69: 5 | AG69: 3 | AH69: 5 | AI69: 5 | AJ69: 4 | AK69: 4 | AL69: 5 | AM69: 2 | AN69: 4 | AO69: 5 | AP69: 5 | AQ69: 4 | AR69: 4 | AS69: 5 | AT69: 5 | AU69: 5 | AV69: 4 | AW69: 2 | AX69: 5 | AY69: 4 | AZ69: 4 | BA69: 5 | BB69: 5 | BC69: 4 | BD69: 4 | BE69: 2 | BF69: 5 | BG69: 5 | BH69: 5 | BI69: 5 | BJ69: 5 | BK69: 4 | BL69: 5 | BM69: 5 | BN69: 5 | BO69: 5 | BP69: 5 | BQ69: 5 | BR69: 5 | BS69: 5 | BT69: 4 | BU69: 4 | BV69: 5 | BW69: 5 | BX69: 4 | BY69: 5 | BZ69: 5
A70: 46248.406 | B70: 동의합니다. | C70: 임*빈 | D70: 2024 | E70: ESTP | F70: limsubin153@naver.com | G70: 1 | H70: 2 | I70: 2 | J70: 3 | K70: 3 | L70: 3 | M70: 2 | N70: 2 | O70: 2 | P70: 4 | Q70: 3 | R70: 5 | S70: 3 | T70: 3 | U70: 3 | V70: 5 | W70: 5 | X70: 2 | Y70: 2 | Z70: 2 | AA70: 2 | AB70: 4 | AC70: 4 | AD70: 3 | AE70: 1 | AF70: 3 | AG70: 3 | AH70: 5 | AI70: 4 | AJ70: 5 | AK70: 3 | AL70: 4 | AM70: 4 | AN70: 5 | AO70: 3 | AP70: 1 | AQ70: 2 | AR70: 3 | AS70: 4 | AT70: 5 | AU70: 4 | AV70: 4 | AW70: 2 | AX70: 2 | AY70: 3 | AZ70: 5 | BA70: 5 | BB70: 4 | BC70: 4 | BD70: 4 | BE70: 3 | BF70: 5 | BG70: 5 | BH70: 5 | BI70: 4 | BJ70: 4 | BK70: 4 | BL70: 5 | BM70: 5 | BN70: 5 | BO70: 4 | BP70: 3 | BQ70: 4 | BR70: 5 | BS70: 5 | BT70: 5 | BU70: 5 | BV70: 4 | BW70: 5 | BX70: 5 | BY70: 5 | BZ70: 5
A71: 46248.406 | B71: 동의합니다. | C71: 김주영 | D71: 2022 | E71: ESTP | F71: kimjuyoung1028@naver.com | G71: 1 | H71: 1 | I71: 1 | J71: 1 | K71: 3 | L71: 3 | M71: 1 | N71: 1 | O71: 1 | P71: 3 | Q71: 3 | R71: 3 | S71: 5 | T71: 5 | U71: 1 | V71: 4 | W71: 4 | X71: 3 | Y71: 4 | Z71: 3 | AA71: 4 | AB71: 4 | AC71: 4 | AD71: 3 | AE71: 1 | AF71: 3 | AG71: 3 | AH71: 5 | AI71: 5 | AJ71: 4 | AK71: 4 | AL71: 4 | AM71: 1 | AN71: 4 | AO71: 3 | AP71: 2 | AQ71: 5 | AR71: 3 | AS71: 4 | AT71: 4 | AU71: 4 | AV71: 4 | AW71: 3 | AX71: 4 | AY71: 4 | AZ71: 4 | BA71: 4 | BB71: 4 | BC71: 4 | BD71: 4 | BE71: 2 | BF71: 4 | BG71: 4 | BH71: 4 | BI71: 3 | BJ71: 4 | BK71: 3 | BL71: 4 | BM71: 4 | BN71: 4 | BO71: 4 | BP71: 2 | BQ71: 4 | BR71: 4 | BS71: 4 | BT71: 4 | BU71: 4 | BV71: 4 | BW71: 4 | BX71: 4 | BY71: 4 | BZ71: 4
A72: 46248.406 | B72: 동의합니다. | C72: 박정우 | D72: 2022 | E72: ENFJ | F72: wjddn7618@nate.com | G72: 4 | H72: 3 | I72: 2 | J72: 4 | K72: 5 | L72: 3 | M72: 4 | N72: 2 | O72: 3 | P72: 4 | Q72: 3 | R72: 3 | S72: 4 | T72: 3 | U72: 2 | V72: 2 | W72: 4 | X72: 2 | Y72: 2 | Z72: 4 | AA72: 2 | AB72: 4 | AC72: 3 | AD72: 3 | AE72: 1 | AF72: 3 | AG72: 2 | AH72: 4 | AI72: 4 | AJ72: 3 | AK72: 3 | AL72: 4 | AM72: 2 | AN72: 4 | AO72: 4 | AP72: 1 | AQ72: 4 | AR72: 2 | AS72: 3 | AT72: 4 | AU72: 4 | AV72: 5 | AW72: 2 | AX72: 2 | AY72: 3 | AZ72: 4 | BA72: 4 | BB72: 4 | BC72: 4 | BD72: 4 | BE72: 2 | BF72: 4 | BG72: 4 | BH72: 4 | BI72: 3 | BJ72: 4 | BK72: 3 | BL72: 4 | BM72: 4 | BN72: 4 | BO72: 2 | BP72: 3 | BQ72: 4 | BR72: 4 | BS72: 4 | BT72: 4 | BU72: 4 | BV72: 3 | BW72: 3 | BX72: 4 | BY72: 3 | BZ72: 4
A73: 46248.406 | B73: 동의합니다. | C73: 김기현 | D73: 2023 | E73: ISTP | F73: kimkihyun212@gmail.com | G73: 3 | H73: 3 | I73: 1 | J73: 3 | K73: 3 | L73: 1 | M73: 3 | N73: 1 | O73: 1 | P73: 3 | Q73: 3 | R73: 4 | S73: 4 | T73: 5 | U73: 1 | V73: 4 | W73: 4 | X73: 2 | Y73: 4 | Z73: 4 | AA73: 2 | AB73: 4 | AC73: 4 | AD73: 2 | AE73: 3 | AF73: 3 | AG73: 4 | AH73: 4 | AI73: 4 | AJ73: 4 | AK73: 4 | AL73: 4 | AM73: 2 | AN73: 4 | AO73: 4 | AP73: 4 | AQ73: 5 | AR73: 4 | AS73: 5 | AT73: 5 | AU73: 5 | AV73: 4 | AW73: 3 | AX73: 3 | AY73: 5 | AZ73: 4 | BA73: 4 | BB73: 4 | BC73: 5 | BD73: 3 | BE73: 2 | BF73: 5 | BG73: 5 | BH73: 3 | BI73: 3 | BJ73: 4 | BK73: 4 | BL73: 4 | BM73: 4 | BN73: 3 | BO73: 3 | BP73: 4 | BQ73: 4 | BR73: 5 | BS73: 5 | BT73: 5 | BU73: 3 | BV73: 4 | BW73: 4 | BX73: 3 | BY73: 3 | BZ73: 5
A74: 46248.406 | B74: 동의합니다. | C74: 이수연 | D74: 2026 | E74: INTP | F74: suyeon190530@naver.com | G74: 4 | H74: 4 | I74: 1 | J74: 2 | K74: 3 | L74: 1 | M74: 1 | N74: 2 | O74: 2 | P74: 3 | Q74: 2 | R74: 4 | S74: 5 | T74: 1 | U74: 1 | V74: 4 | W74: 2 | X74: 1 | Y74: 4 | Z74: 2 | AA74: 4 | AB74: 3 | AC74: 3 | AD74: 2 | AE74: 1 | AF74: 2 | AG74: 2 | AH74: 5 | AI74: 2 | AJ74: 5 | AK74: 4 | AL74: 2 | AM74: 2 | AN74: 4 | AO74: 2 | AP74: 1 | AQ74: 5 | AR74: 2 | AS74: 5 | AT74: 3 | AU74: 5 | AV74: 4 | AW74: 2 | AX74: 2 | AY74: 4 | AZ74: 2 | BA74: 4 | BB74: 5 | BC74: 3 | BD74: 2 | BE74: 1 | BF74: 4 | BG74: 3 | BH74: 3 | BI74: 5 | BJ74: 2 | BK74: 2 | BL74: 3 | BM74: 4 | BN74: 3 | BO74: 3 | BP74: 3 | BQ74: 3 | BR74: 3 | BS74: 3 | BT74: 3 | BU74: 3 | BV74: 3 | BW74: 3 | BX74: 3 | BY74: 3 | BZ74: 3
A75: 46248.406 | B75: 동의합니다. | C75: 규규 | D75: 2026 | E75: ISTJ | F75: leopardi2003@naver.com | G75: 3 | H75: 3 | I75: 1 | J75: 3 | K75: 3 | L75: 1 | M75: 3 | N75: 3 | O75: 3 | P75: 3 | Q75: 3 | R75: 4 | S75: 3 | T75: 3 | U75: 2 | V75: 3 | W75: 2 | X75: 3 | Y75: 3 | Z75: 3 | AA75: 3 | AB75: 3 | AC75: 3 | AD75: 2 | AE75: 3 | AF75: 3 | AG75: 3 | AH75: 4 | AI75: 3 | AJ75: 3 | AK75: 3 | AL75: 2 | AM75: 3 | AN75: 3 | AO75: 4 | AP75: 2 | AQ75: 3 | AR75: 3 | AS75: 3 | AT75: 2 | AU75: 4 | AV75: 4 | AW75: 2 | AX75: 3 | AY75: 2 | AZ75: 3 | BA75: 3 | BB75: 4 | BC75: 3 | BD75: 3 | BE75: 1 | BF75: 3 | BG75: 4 | BH75: 3 | BI75: 4 | BJ75: 3 | BK75: 3 | BL75: 3 | BM75: 3 | BN75: 3 | BO75: 3 | BP75: 3 | BQ75: 3 | BR75: 3 | BS75: 3 | BT75: 3 | BU75: 3 | BV75: 3 | BW75: 3 | BX75: 3 | BY75: 2 | BZ75: 4
A76: 46248.406 | B76: 동의합니다. | C76: 송예건 | D76: 2026 | E76: INTP | F76: blackcow9271@gmail.com | G76: 2 | H76: 2 | I76: 5 | J76: 5 | K76: 4 | L76: 5 | M76: 1 | N76: 3 | O76: 5 | P76: 5 | Q76: 2 | R76: 4 | S76: 1 | T76: 5 | U76: 5 | V76: 4 | W76: 3 | X76: 2 | Y76: 3 | Z76: 5 | AA76: 5 | AB76: 4 | AC76: 3 | AD76: 4 | AE76: 1 | AF76: 2 | AG76: 5 | AH76: 5 | AI76: 5 | AJ76: 4 | AK76: 3 | AL76: 5 | AM76: 5 | AN76: 4 | AO76: 4 | AP76: 3 | AQ76: 2 | AR76: 2 | AS76: 4 | AT76: 5 | AU76: 3 | AV76: 3 | AW76: 1 | AX76: 4 | AY76: 5 | AZ76: 4 | BA76: 5 | BB76: 4 | BC76: 3 | BD76: 2 | BE76: 5 | BF76: 3 | BG76: 4 | BH76: 3 | BI76: 5 | BJ76: 4 | BK76: 5 | BL76: 4 | BM76: 4 | BN76: 2 | BO76: 4 | BP76: 4 | BQ76: 3 | BR76: 5 | BS76: 5 | BT76: 5 | BU76: 2 | BV76: 4 | BW76: 4 | BX76: 4 | BY76: 4 | BZ76: 2
A77: 46248.406 | B77: 동의합니다. | C77: 김현지 | D77: 2022 | E77: ISTJ | F77: hyunjee915@gmail.com | G77: 1 | H77: 3 | I77: 2 | J77: 4 | K77: 4 | L77: 5 | M77: 3 | N77: 4 | O77: 1 | P77: 4 | Q77: 4 | R77: 5 | S77: 1 | T77: 4 | U77: 2 | V77: 4 | W77: 4 | X77: 2 | Y77: 1 | Z77: 5 | AA77: 1 | AB77: 4 | AC77: 4 | AD77: 5 | AE77: 5 | AF77: 4 | AG77: 2 | AH77: 5 | AI77: 4 | AJ77: 5 | AK77: 1 | AL77: 4 | AM77: 2 | AN77: 4 | AO77: 4 | AP77: 4 | AQ77: 1 | AR77: 5 | AS77: 4 | AT77: 2 | AU77: 4 | AV77: 5 | AW77: 1 | AX77: 2 | AY77: 1 | AZ77: 4 | BA77: 4 | BB77: 5 | BC77: 4 | BD77: 4 | BE77: 1 | BF77: 4 | BG77: 5 | BH77: 4 | BI77: 5 | BJ77: 2 | BK77: 3 | BL77: 2 | BM77: 5 | BN77: 5 | BO77: 4 | BP77: 2 | BQ77: 4 | BR77: 5 | BS77: 4 | BT77: 5 | BU77: 2 | BV77: 2 | BW77: 3 | BX77: 3 | BY77: 5 | BZ77: 4
A78: 46248.406 | B78: 동의합니다. | C78: 권영재 | D78: 2026 | E78: ISFP | F78: kwon4451@naver.com | G78: 3 | H78: 3 | I78: 3 | J78: 4 | K78: 3 | L78: 3 | M78: 3 | N78: 3 | O78: 3 | P78: 4 | Q78: 3 | R78: 4 | S78: 5 | T78: 3 | U78: 3 | V78: 5 | W78: 3 | X78: 3 | Y78: 3 | Z78: 3 | AA78: 4 | AB78: 4 | AC78: 4 | AD78: 3 | AE78: 3 | AF78: 3 | AG78: 3 | AH78: 5 | AI78: 3 | AJ78: 4 | AK78: 4 | AL78: 3 | AM78: 3 | AN78: 4 | AO78: 3 | AP78: 3 | AQ78: 4 | AR78: 3 | AS78: 3 | AT78: 3 | AU78: 3 | AV78: 4 | AW78: 3 | AX78: 3 | AY78: 3 | AZ78: 5 | BA78: 3 | BB78: 3 | BC78: 3 | BD78: 3 | BE78: 3 | BF78: 5 | BG78: 3 | BH78: 3 | BI78: 3 | BJ78: 3 | BK78: 3 | BL78: 3 | BM78: 3 | BN78: 3 | BO78: 3 | BP78: 3 | BQ78: 3 | BR78: 3 | BS78: 4 | BT78: 3 | BU78: 3 | BV78: 3 | BW78: 3 | BX78: 3 | BY78: 3 | BZ78: 4
A79: 46248.406 | B79: 동의합니다. | C79: 손희원 | D79: 2023 | E79: ENFJ | F79: shw94268094@gmail.com | G79: 5 | H79: 3 | I79: 2 | J79: 4 | K79: 5 | L79: 2 | M79: 4 | N79: 3 | O79: 4 | P79: 4 | Q79: 2 | R79: 3 | S79: 5 | T79: 3 | U79: 4 | V79: 4 | W79: 3 | X79: 2 | Y79: 4 | Z79: 4 | AA79: 4 | AB79: 5 | AC79: 3 | AD79: 3 | AE79: 2 | AF79: 2 | AG79: 3 | AH79: 5 | AI79: 3 | AJ79: 4 | AK79: 3 | AL79: 3 | AM79: 3 | AN79: 4 | AO79: 3 | AP79: 2 | AQ79: 4 | AR79: 3 | AS79: 3 | AT79: 4 | AU79: 4 | AV79: 5 | AW79: 3 | AX79: 2 | AY79: 4 | AZ79: 4 | BA79: 4 | BB79: 2 | BC79: 4 | BD79: 4 | BE79: 3 | BF79: 4 | BG79: 4 | BH79: 3 | BI79: 5 | BJ79: 2 | BK79: 2 | BL79: 3 | BM79: 4 | BN79: 4 | BO79: 2 | BP79: 2 | BQ79: 4 | BR79: 5 | BS79: 4 | BT79: 3 | BU79: 4 | BV79: 2 | BW79: 4 | BX79: 3 | BY79: 4 | BZ79: 2
A80: 46248.406 | B80: 동의합니다. | C80: 박성수 | D80: 2026 | E80: ISTP | F80: andcl524@naver.com | G80: 4 | H80: 3 | I80: 1 | J80: 5 | K80: 3 | L80: 4 | M80: 2 | N80: 4 | O80: 3 | P80: 3 | Q80: 4 | R80: 2 | S80: 2 | T80: 3 | U80: 1 | V80: 4 | W80: 4 | X80: 4 | Y80: 3 | Z80: 3 | AA80: 2 | AB80: 5 | AC80: 5 | AD80: 4 | AE80: 1 | AF80: 5 | AG80: 4 | AH80: 5 | AI80: 4 | AJ80: 4 | AK80: 3 | AL80: 5 | AM80: 1 | AN80: 3 | AO80: 4 | AP80: 2 | AQ80: 3 | AR80: 2 | AS80: 3 | AT80: 4 | AU80: 5 | AV80: 5 | AW80: 4 | AX80: 3 | AY80: 2 | AZ80: 3 | BA80: 4 | BB80: 5 | BC80: 4 | BD80: 4 | BE80: 1 | BF80: 4 | BG80: 4 | BH80: 5 | BI80: 5 | BJ80: 4 | BK80: 4 | BL80: 3 | BM80: 5 | BN80: 4 | BO80: 4 | BP80: 3 | BQ80: 4 | BR80: 4 | BS80: 5 | BT80: 5 | BU80: 5 | BV80: 5 | BW80: 5 | BX80: 3 | BY80: 3 | BZ80: 4
A81: 46248.407 | B81: 동의합니다. | C81: 쏘가리 | D81: 2026 | E81: ESTJ | F81: starsky031209@naver.com | G81: 2 | H81: 3 | I81: 4 | J81: 4 | K81: 4 | L81: 2 | M81: 2 | N81: 3 | O81: 3 | P81: 3 | Q81: 3 | R81: 3 | S81: 2 | T81: 3 | U81: 2 | V81: 4 | W81: 3 | X81: 2 | Y81: 2 | Z81: 3 | AA81: 4 | AB81: 4 | AC81: 4 | AD81: 3 | AE81: 2 | AF81: 2 | AG81: 3 | AH81: 4 | AI81: 4 | AJ81: 4 | AK81: 3 | AL81: 3 | AM81: 2 | AN81: 4 | AO81: 3 | AP81: 2 | AQ81: 3 | AR81: 2 | AS81: 4 | AT81: 4 | AU81: 4 | AV81: 4 | AW81: 2 | AX81: 2 | AY81: 3 | AZ81: 4 | BA81: 4 | BB81: 3 | BC81: 4 | BD81: 3 | BE81: 2 | BF81: 4 | BG81: 3 | BH81: 3 | BI81: 3 | BJ81: 3 | BK81: 3 | BL81: 3 | BM81: 4 | BN81: 4 | BO81: 3 | BP81: 3 | BQ81: 4 | BR81: 4 | BS81: 3 | BT81: 3 | BU81: 3 | BV81: 4 | BW81: 4 | BX81: 4 | BY81: 4 | BZ81: 4
... A100: 46248.423 | B100: 동의합니다. | C100: 정진우 | D100: 2024 | E100: INTP | F100: sky200303@gmail.com | G100: 4 | H100: 4 | I100: 1 | J100: 5 | K100: 3 | L100: 3 | M100: 3 | N100: 4 | O100: 1 | P100: 2 | Q100: 4 | R100: 5 | S100: 3 | T100: 2 | U100: 1 | V100: 4 | W100: 3 | X100: 3 | Y100: 2 | Z100: 3 | AA100: 1 | AB100: 5 | AC100: 5 | AD100: 3 | AE100: 1 | AF100: 3 | AG100: 1 | AH100: 5 | AI100: 4 | AJ100: 4 | AK100: 3 | AL100: 4 | AM100: 1 | AN100: 4 | AO100: 3 | AP100: 3 | AQ100: 3 | AR100: 4 | AS100: 3 | AT100: 5 | AU100: 4 | AV100: 4 | AW100: 3 | AX100: 2 | AY100: 4 | AZ100: 4 | BA100: 4 | BB100: 4 | BC100: 4 | BD100: 4 | BE100: 1 | BF100: 5 | BG100: 4 | BH100: 4 | BI100: 4 | BJ100: 3 | BK100: 3 | BL100: 3 | BM100: 5 | BN100: 4 | BO100: 3 | BP100: 4 | BQ100: 4 | BR100: 5 | BS100: 4 | BT100: 5 | BU100: 3 | BV100: 3 | BW100: 3 | BX100: 3 | BY100: 2 | BZ100: 4
A101: 46248.438 | B101: 동의합니다. | C101: ㅇㅇ | D101: ㅇ | E101: ㅇ | F101: dddooo1320@gmail.com | G101: 2 | H101: 2 | I101: 2 | J101: 3 | K101: 3 | L101: 4 | M101: 4 | N101: 3 | O101: 2 | P101: 3 | Q101: 3 | R101: 4 | S101: 4 | T101: 5 | U101: 5 | V101: 5 | W101: 4 | X101: 3 | Y101: 3 | Z101: 3 | AA101: 3 | AB101: 2 | AC101: 2 | AD101: 2 | AE101: 2 | AF101: 2 | AG101: 3 | AH101: 4 | AI101: 5 | AJ101: 5 | AK101: 5 | AL101: 4 | AM101: 3 | AN101: 2 | AO101: 2 | AP101: 3 | AQ101: 4 | AR101: 5 | AS101: 5 | AT101: 4 | AU101: 3 | AV101: 2 | AW101: 3 | AX101: 4 | AY101: 5 | AZ101: 4 | BA101: 3 | BB101: 2 | BC101: 3 | BD101: 4 | BE101: 5 | BF101: 4 | BG101: 3 | BH101: 2 | BI101: 3 | BJ101: 4 | BK101: 5 | BL101: 4 | BM101: 3 | BN101: 2 | BO101: 1 | BP101: 1 | BQ101: 2 | BR101: 3 | BS101: 4 | BT101: 5 | BU101: 4 | BV101: 3 | BW101: 2 | BX101: 1 | BY101: 1 | BZ101: 2
A102: 46248.521 | B102: 동의합니다. | C102: 이재완 | D102: ㅇㅇㅇㅇ | E102: ㅇㅇㅇㅇ | F102: dddooo1320@gmail.com | G102: 1 | H102: 1 | I102: 1 | J102: 1 | K102: 1 | L102: 1 | M102: 1 | N102: 1 | O102: 1 | P102: 1 | Q102: 1 | R102: 1 | S102: 1 | T102: 1 | U102: 1 | V102: 1 | W102: 1 | X102: 1 | Y102: 1 | Z102: 1 | AA102: 1 | AB102: 1 | AC102: 1 | AD102: 1 | AE102: 1 | AF102: 1 | AG102: 1 | AH102: 1 | AI102: 1 | AJ102: 1 | AK102: 1 | AL102: 2 | AM102: 2 | AN102: 2 | AO102: 2 | AP102: 2 | AQ102: 2 | AR102: 1 | AS102: 2 | AT102: 1 | AU102: 1 | AV102: 2 | AW102: 2 | AX102: 2 | AY102: 1 | AZ102: 2 | BA102: 2 | BB102: 2 | BC102: 2 | BD102: 2 | BE102: 2 | BF102: 2 | BG102: 1 | BH102: 2 | BI102: 2 | BJ102: 2 | BK102: 2 | BL102: 2 | BM102: 2 | BN102: 2 | BO102: 2 | BP102: 1 | BQ102: 2 | BR102: 2 | BS102: 2 | BT102: 2 | BU102: 2 | BV102: 2 | BW102: 1 | BX102: 2 | BY102: 2 | BZ102: 2
A103: 46248.538 | B103: 동의합니다. | C103: 80 상병 황우진 | D103: 2025 | F103: a52154309@gmail.com | G103: 1 | H103: 1 | I103: 1 | J103: 1 | K103: 1 | L103: 1 | M103: 1 | N103: 1 | O103: 1 | P103: 1 | Q103: 1 | R103: 1 | S103: 1 | T103: 1 | U103: 1 | V103: 1 | W103: 1 | X103: 1 | Y103: 1 | Z103: 1 | AA103: 1 | AB103: 1 | AC103: 1 | AD103: 1 | AE103: 2 | AF103: 1 | AG103: 2 | AH103: 2 | AI103: 1 | AJ103: 1 | AK103: 2 | AL103: 1 | AM103: 2 | AN103: 1 | AO103: 1 | AP103: 2 | AQ103: 1 | AR103: 1 | AS103: 2 | AT103: 2 | AU103: 1 | AV103: 1 | AW103: 1 | AX103: 1 | AY103: 1 | AZ103: 2 | BA103: 1 | BB103: 2 | BC103: 1 | BD103: 1 | BE103: 1 | BF103: 1 | BG103: 1 | BH103: 1 | BI103: 2 | BJ103: 1 | BK103: 2 | BL103: 1 | BM103: 2 | BN103: 1 | BO103: 1 | BP103: 2 | BQ103: 1 | BR103: 2 | BS103: 1 | BT103: 2 | BU103: 1 | BV103: 2 | BW103: 1 | BX103: 2 | BY103: 1 | BZ103: 2
A104: 46248.538 | B104: 동의합니다. | C104: 초토 | D104: 2020 | E104: Jaja | F104: jonghyeokchoi77@gmail.com | G104: 1 | H104: 5 | I104: 2 | J104: 2 | K104: 3 | L104: 3 | M104: 2 | N104: 4 | O104: 2 | P104: 2 | Q104: 4 | R104: 4 | S104: 2 | T104: 2 | U104: 4 | V104: 4 | W104: 4 | X104: 2 | Y104: 2 | Z104: 4 | AA104: 4 | AB104: 2 | AC104: 2 | AD104: 4 | AE104: 4 | AF104: 2 | AG104: 2 | AH104: 4 | AI104: 4 | AJ104: 5 | AK104: 2 | AL104: 2 | AM104: 3 | AN104: 3 | AO104: 3 | AP104: 2 | AQ104: 2 | AR104: 4 | AS104: 4 | AT104: 2 | AU104: 2 | AV104: 4 | AW104: 4 | AX104: 2 | AY104: 2 | AZ104: 4 | BA104: 4 | BB104: 2 | BC104: 2 | BD104: 4 | BE104: 4 | BF104: 2 | BG104: 2 | BH104: 4 | BI104: 4 | BJ104: 2 | BK104: 2 | BL104: 4 | BM104: 4 | BN104: 2 | BO104: 2 | BP104: 4 | BQ104: 4 | BR104: 2 | BS104: 2 | BT104: 4 | BU104: 2 | BV104: 2 | BW104: 4 | BX104: 2 | BY104: 2 | BZ104: 4
A105: 46248.72 | B105: 동의합니다. | C105: 배종연 | D105: 2027 | E105: INTP | F105: qowhddus56@naver.com | G105: 3 | H105: 3 | I105: 2 | J105: 5 | K105: 5 | L105: 5 | M105: 3 | N105: 2 | O105: 3 | P105: 5 | Q105: 5 | R105: 5 | S105: 5 | T105: 2 | U105: 2 | V105: 4 | W105: 5 | X105: 3 | Y105: 5 | Z105: 2 | AA105: 3 | AB105: 5 | AC105: 5 | AD105: 5 | AE105: 2 | AF105: 3 | AG105: 4 | AH105: 5 | AI105: 5 | AJ105: 5 | AK105: 3 | AL105: 3 | AM105: 2 | AN105: 5 | AO105: 5 | AP105: 3 | AQ105: 5 | AR105: 4 | AS105: 5 | AT105: 5 | AU105: 5 | AV105: 4 | AW105: 3 | AX105: 3 | AY105: 1 | AZ105: 5 | BA105: 5 | BB105: 5 | BC105: 5 | BD105: 4 | BE105: 3 | BF105: 5 | BG105: 5 | BH105: 5 | BI105: 5 | BJ105: 5 | BK105: 3 | BL105: 5 | BM105: 5 | BN105: 5 | BO105: 3 | BP105: 2 | BQ105: 2 | BR105: 5 | BS105: 5 | BT105: 5 | BU105: 3 | BV105: 3 | BW105: 4 | BX105: 5 | BY105: 5 | BZ105: 5
A106: 46248.907 | B106: 동의합니다. | C106: ㅁㅜㄴ | D106: 2023 | E106: ISTJ | F106: dragonbibi@naver.com | G106: 4 | H106: 4 | I106: 1 | J106: 4 | K106: 3 | L106: 3 | M106: 4 | N106: 4 | O106: 4 | P106: 2 | Q106: 2 | R106: 3 | S106: 2 | T106: 4 | U106: 1 | V106: 3 | W106: 3 | X106: 2 | Y106: 4 | Z106: 4 | AA106: 5 | AB106: 4 | AC106: 4 | AD106: 2 | AE106: 2 | AF106: 2 | AG106: 3 | AH106: 4 | AI106: 3 | AJ106: 2 | AK106: 3 | AL106: 3 | AM106: 2 | AN106: 3 | AO106: 4 | AP106: 2 | AQ106: 2 | AR106: 4 | AS106: 4 | AT106: 3 | AU106: 3 | AV106: 4 | AW106: 3 | AX106: 2 | AY106: 3 | AZ106: 3 | BA106: 2 | BB106: 4 | BC106: 3 | BD106: 3 | BE106: 2 | BF106: 2 | BG106: 2 | BH106: 3 | BI106: 3 | BJ106: 3 | BK106: 2 | BL106: 3 | BM106: 4 | BN106: 3 | BO106: 4 | BP106: 2 | BQ106: 3 | BR106: 3 | BS106: 3 | BT106: 4 | BU106: 2 | BV106: 2 | BW106: 4 | BX106: 2 | BY106: 3 | BZ106: 4
A107: 46248.934 | B107: 동의합니다. | C107: 김건형 | D107: 2007 | E107: ESTJ | F107: kingzzangku@naver.com | G107: 4 | H107: 4 | I107: 2 | J107: 5 | K107: 5 | L107: 4 | M107: 5 | N107: 3 | O107: 5 | P107: 5 | Q107: 5 | R107: 5 | S107: 5 | T107: 5 | U107: 2 | V107: 4 | W107: 4 | X107: 3 | Y107: 5 | Z107: 5 | AA107: 2 | AB107: 4 | AC107: 5 | AD107: 4 | AE107: 1 | AF107: 3 | AG107: 4 | AH107: 5 | AI107: 4 | AJ107: 3 | AK107: 3 | AL107: 5 | AM107: 5 | AN107: 5 | AO107: 4 | AP107: 4 | AQ107: 4 | AR107: 4 | AS107: 4 | AT107: 5 | AU107: 5 | AV107: 5 | AW107: 3 | AX107: 2 | AY107: 3 | AZ107: 3 | BA107: 4 | BB107: 5 | BC107: 4 | BD107: 4 | BE107: 2 | BF107: 5 | BG107: 5 | BH107: 4 | BI107: 5 | BJ107: 4 | BK107: 5 | BL107: 5 | BM107: 5 | BN107: 2 | BO107: 4 | BP107: 4 | BQ107: 4 | BR107: 5 | BS107: 5 | BT107: 5 | BU107: 5 | BV107: 4 | BW107: 4 | BX107: 4 | BY107: 4 | BZ107: 4
A108: 46249.718 | B108: 동의합니다. | C108: 최다윤 | D108: 27년 | E108: ISTP | F108: dayoon3044@gmail.com | G108: 4 | H108: 4 | I108: 5 | J108: 5 | K108: 4 | L108: 2 | M108: 2 | N108: 5 | O108: 4 | P108: 4 | Q108: 3 | R108: 5 | S108: 3 | T108: 4 | U108: 2 | V108: 5 | W108: 4 | X108: 3 | Y108: 5 | Z108: 5 | AA108: 5 | AB108: 5 | AC108: 4 | AD108: 2 | AE108: 1 | AF108: 4 | AG108: 4 | AH108: 5 | AI108: 4 | AJ108: 4 | AK108: 5 | AL108: 4 | AM108: 3 | AN108: 5 | AO108: 3 | AP108: 2 | AQ108: 2 | AR108: 4 | AS108: 5 | AT108: 5 | AU108: 4 | AV108: 5 | AW108: 4 | AX108: 4 | AY108: 5 | AZ108: 5 | BA108: 4 | BB108: 5 | BC108: 5 | BD108: 4 | BE108: 5 | BF108: 4 | BG108: 4 | BH108: 5 | BI108: 5 | BJ108: 5 | BK108: 4 | BL108: 4 | BM108: 5 | BN108: 4 | BO108: 4 | BP108: 4 | BQ108: 5 | BR108: 5 | BS108: 4 | BT108: 5 | BU108: 3 | BV108: 4 | BW108: 4 | BX108: 5 | BY108: 5 | BZ108: 5
A109: 46252.59 | B109: 동의합니다. | C109: 최승준 | D109: 1989 | E109: Entj | F109: paoyusha@naver.com | G109: 4 | H109: 5 | I109: 4 | J109: 4 | K109: 4 | L109: 4 | M109: 4 | N109: 4 | O109: 4 | P109: 5 | Q109: 5 | R109: 4 | S109: 4 | T109: 4 | U109: 4 | V109: 4 | W109: 4 | X109: 4 | Y109: 4 | Z109: 4 | AA109: 4 | AB109: 5 | AC109: 5 | AD109: 4 | AE109: 5 | AF109: 4 | AG109: 5 | AH109: 4 | AI109: 5 | AJ109: 4 | AK109: 4 | AL109: 4 | AM109: 4 | AN109: 4 | AO109: 5 | AP109: 4 | AQ109: 5 | AR109: 4 | AS109: 5 | AT109: 4 | AU109: 5 | AV109: 4 | AW109: 5 | AX109: 4 | AY109: 4 | AZ109: 4 | BA109: 5 | BB109: 4 | BC109: 4 | BD109: 4 | BE109: 4 | BF109: 5 | BG109: 5 | BH109: 4 | BI109: 5 | BJ109: 4 | BK109: 3 | BL109: 5 | BM109: 5 | BN109: 3 | BO109: 4 | BP109: 5 | BQ109: 5 | BR109: 4 | BS109: 5 | BT109: 4 | BU109: 4 | BV109: 4 | BW109: 4 | BX109: 4 | BY109: 3 | BZ109: 4
A110: 46252.608 | B110: 동의합니다. | C110: 김규훈 | D110: 2015 | E110: estj | F110: rbgns0105@gmail.com | G110: 3 | H110: 1 | I110: 4 | J110: 4 | K110: 1 | L110: 4 | M110: 3 | N110: 2 | O110: 3 | P110: 3 | Q110: 2 | R110: 3 | S110: 2 | T110: 4 | U110: 2 | V110: 4 | W110: 3 | X110: 2 | Y110: 3 | Z110: 2 | AA110: 3 | AB110: 2 | AC110: 2 | AD110: 3 | AE110: 3 | AF110: 2 | AG110: 3 | AH110: 3 | AI110: 3 | AJ110: 4 | AK110: 2 | AL110: 3 | AM110: 2 | AN110: 3 | AO110: 2 | AP110: 3 | AQ110: 3 | AR110: 2 | AS110: 3 | AT110: 2 | AU110: 3 | AV110: 3 | AW110: 4 | AX110: 2 | AY110: 3 | AZ110: 2 | BA110: 2 | BB110: 3 | BC110: 2 | BD110: 4 | BE110: 2 | BF110: 4 | BG110: 3 | BH110: 3 | BI110: 3 | BJ110: 4 | BK110: 4 | BL110: 4 | BM110: 5 | BN110: 2 | BO110: 3 | BP110: 3 | BQ110: 3 | BR110: 5 | BS110: 5 | BT110: 4 | BU110: 2 | BV110: 3 | BW110: 2 | BX110: 3 | BY110: 2 | BZ110: 3
A111: 46252.608 | B111: 동의합니다. | C111: 테스트 | D111: 2025 | E111: estj | F111: kimnummun@gmail.com | G111: 5 | H111: 5 | I111: 5 | J111: 5 | K111: 5 | L111: 5 | M111: 5 | N111: 2 | O111: 5 | P111: 5 | Q111: 2 | R111: 5 | S111: 5 | T111: 5 | U111: 2 | V111: 5 | W111: 5 | X111: 5 | Y111: 5 | Z111: 5 | AA111: 5 | AB111: 2 | AC111: 5 | AD111: 2 | AE111: 5 | AF111: 5 | AG111: 5 | AH111: 5 | AI111: 2 | AJ111: 5 | AK111: 5 | AL111: 2 | AM111: 2 | AN111: 4 | AO111: 5 | AP111: 2 | AQ111: 5 | AR111: 2 | AS111: 5 | AT111: 2 | AU111: 5 | AV111: 5 | AW111: 5 | AX111: 5 | AY111: 5 | AZ111: 5 | BA111: 5 | BB111: 5 | BC111: 2 | BD111: 5 | BE111: 2 | BF111: 5 | BG111: 5 | BH111: 3 | BI111: 5 | BJ111: 3 | BK111: 5 | BL111: 5 | BM111: 5 | BN111: 4 | BO111: 4 | BP111: 3 | BQ111: 5 | BR111: 4 | BS111: 4 | BT111: 5 | BU111: 3 | BV111: 5 | BW111: 5 | BX111: 5 | BY111: 4 | BZ111: 5
A112: 46254.417 | B112: 동의합니다. | C112: 함윤성 | D112: 2025 | E112: INTJ | F112: hamys020606@gmail.com | G112: 2 | H112: 3 | I112: 4 | J112: 5 | K112: 5 | L112: 5 | M112: 3 | N112: 5 | O112: 4 | P112: 4 | Q112: 5 | R112: 5 | S112: 3 | T112: 5 | U112: 4 | V112: 4 | W112: 5 | X112: 5 | Y112: 4 | Z112: 5 | AA112: 5 | AB112: 5 | AC112: 5 | AD112: 4 | AE112: 4 | AF112: 5 | AG112: 4 | AH112: 5 | AI112: 5 | AJ112: 2 | AK112: 2 | AL112: 5 | AM112: 4 | AN112: 4 | AO112: 4 | AP112: 2 | AQ112: 2 | AR112: 5 | AS112: 2 | AT112: 4 | AU112: 5 | AV112: 5 | AW112: 3 | AX112: 5 | AY112: 4 | AZ112: 4 | BA112: 5 | BB112: 5 | BC112: 2 | BD112: 4 | BE112: 4 | BF112: 5 | BG112: 5 | BH112: 5 | BI112: 4 | BJ112: 5 | BK112: 5 | BL112: 4 | BM112: 5 | BN112: 5 | BO112: 4 | BP112: 4 | BQ112: 5 | BR112: 5 | BS112: 3 | BT112: 4 | BU112: 5 | BV112: 5 | BW112: 5 | BX112: 4 | BY112: 5 | BZ112: 5
A113: 46254.55 | B113: 동의합니다. | C113: 테스트 | D113: 2025 | E113: ESTJ | F113: kimnummun@gmail.com | G113: 5 | H113: 5 | I113: 5 | J113: 5 | K113: 5 | L113: 5 | M113: 2 | N113: 2 | O113: 5 | P113: 5 | Q113: 3 | R113: 5 | S113: 5 | T113: 5 | U113: 2 | V113: 5 | W113: 2 | X113: 2 | Y113: 5 | Z113: 2 | AA113: 5 | AB113: 5 | AC113: 5 | AD113: 2 | AE113: 5 | AF113: 5 | AG113: 2 | AH113: 2 | AI113: 2 | AJ113: 5 | AK113: 5 | AL113: 5 | AM113: 3 | AN113: 5 | AO113: 5 | AP113: 4 | AQ113: 5 | AR113: 2 | AS113: 4 | AT113: 3 | AU113: 5 | AV113: 5 | AW113: 2 | AX113: 5 | AY113: 5 | AZ113: 5 | BA113: 5 | BB113: 3 | BC113: 3 | BD113: 3 | BE113: 5 | BF113: 5 | BG113: 5 | BH113: 4 | BI113: 4 | BJ113: 5 | BK113: 3 | BL113: 5 | BM113: 3 | BN113: 5 | BO113: 5 | BP113: 5 | BQ113: 3 | BR113: 5 | BS113: 4 | BT113: 4 | BU113: 5 | BV113: 5 | BW113: 5 | BX113: 3 | BY113: 2 | BZ113: 4
A114: 46254.55 | B114: 동의합니다. | C114: 김규훈 | D114: 2015 | E114: estj | F114: rbgns0105@gmail.com | G114: 4 | H114: 3 | I114: 1 | J114: 3 | K114: 2 | L114: 3 | M114: 2 | N114: 3 | O114: 2 | P114: 3 | Q114: 2 | R114: 3 | S114: 2 | T114: 3 | U114: 2 | V114: 3 | W114: 2 | X114: 3 | Y114: 2 | Z114: 2 | AA114: 3 | AB114: 2 | AC114: 2 | AD114: 3 | AE114: 2 | AF114: 2 | AG114: 2 | AH114: 3 | AI114: 2 | AJ114: 3 | AK114: 2 | AL114: 2 | AM114: 4 | AN114: 2 | AO114: 3 | AP114: 3 | AQ114: 3 | AR114: 2 | AS114: 3 | AT114: 2 | AU114: 1 | AV114: 2 | AW114: 3 | AX114: 3 | AY114: 2 | AZ114: 3 | BA114: 4 | BB114: 2 | BC114: 3 | BD114: 2 | BE114: 3 | BF114: 3 | BG114: 3 | BH114: 2 | BI114: 2 | BJ114: 2 | BK114: 2 | BL114: 2 | BM114: 2 | BN114: 3 | BO114: 2 | BP114: 3 | BQ114: 2 | BR114: 3 | BS114: 2 | BT114: 3 | BU114: 3 | BV114: 2 | BW114: 3 | BX114: 3 | BY114: 3 | BZ114: 3
A115: 46254.551 | B115: 동의합니다. | C115: 전태은 | D115: 2025 | E115: ESFP | F115: jte0506@naver.com | G115: 4 | H115: 4 | I115: 4 | J115: 4 | K115: 4 | L115: 4 | M115: 4 | N115: 4 | O115: 4 | P115: 4 | Q115: 4 | R115: 4 | S115: 4 | T115: 4 | U115: 4 | V115: 4 | W115: 4 | X115: 4 | Y115: 4 | Z115: 4 | AA115: 4 | AB115: 4 | AC115: 4 | AD115: 4 | AE115: 4 | AF115: 4 | AG115: 4 | AH115: 4 | AI115: 4 | AJ115: 4 | AK115: 4 | AL115: 4 | AM115: 4 | AN115: 4 | AO115: 4 | AP115: 4 | AQ115: 4 | AR115: 4 | AS115: 4 | AT115: 4 | AU115: 4 | AV115: 4 | AW115: 4 | AX115: 4 | AY115: 4 | AZ115: 4 | BA115: 4 | BB115: 4 | BC115: 4 | BD115: 4 | BE115: 4 | BF115: 4 | BG115: 4 | BH115: 4 | BI115: 4 | BJ115: 4 | BK115: 4 | BL115: 4 | BM115: 4 | BN115: 4 | BO115: 4 | BP115: 4 | BQ115: 4 | BR115: 4 | BS115: 4 | BT115: 4 | BU115: 4 | BV115: 4 | BW115: 4 | BX115: 4 | BY115: 4 | BZ115: 4
A116: 46254.557 | B116: 동의합니다. | C116: 윤용선 | D116: 2009 | E116: ESFJ | F116: skyblue3v@naver.com | G116: 3 | H116: 3 | I116: 3 | J116: 4 | K116: 4 | L116: 5 | M116: 3 | N116: 5 | O116: 5 | P116: 5 | Q116: 5 | R116: 5 | S116: 3 | T116: 5 | U116: 4 | V116: 5 | W116: 5 | X116: 5 | Y116: 4 | Z116: 5 | AA116: 5 | AB116: 5 | AC116: 5 | AD116: 5 | AE116: 5 | AF116: 5 | AG116: 5 | AH116: 5 | AI116: 5 | AJ116: 5 | AK116: 4 | AL116: 5 | AM116: 4 | AN116: 5 | AO116: 5 | AP116: 5 | AQ116: 5 | AR116: 5 | AS116: 5 | AT116: 5 | AU116: 5 | AV116: 5 | AW116: 5 | AX116: 5 | AY116: 5 | AZ116: 5 | BA116: 5 | BB116: 5 | BC116: 5 | BD116: 5 | BE116: 4 | BF116: 5 | BG116: 5 | BH116: 5 | BI116: 5 | BJ116: 5 | BK116: 5 | BL116: 5 | BM116: 5 | BN116: 5 | BO116: 5 | BP116: 5 | BQ116: 5 | BR116: 5 | BS116: 5 | BT116: 5 | BU116: 5 | BV116: 5 | BW116: 5 | BX116: 5 | BY116: 5 | BZ116: 5
A117: 46259.385 | B117: 동의합니다. | C117: 박성웅 | D117: 2004 | E117: ESFJ | F117: p2724091@hanmail.net | G117: 2 | H117: 2 | I117: 2 | J117: 4 | K117: 3 | L117: 4 | M117: 4 | N117: 3 | O117: 2 | P117: 3 | Q117: 3 | R117: 4 | S117: 3 | T117: 3 | U117: 2 | V117: 4 | W117: 3 | X117: 4 | Y117: 4 | Z117: 4 | AA117: 2 | AB117: 4 | AC117: 4 | AD117: 4 | AE117: 4 | AF117: 3 | AG117: 2 | AH117: 4 | AI117: 4 | AJ117: 4 | AK117: 4 | AL117: 3 | AM117: 2 | AN117: 4 | AO117: 3 | AP117: 4 | AQ117: 3 | AR117: 3 | AS117: 4 | AT117: 4 | AU117: 4 | AV117: 3 | AW117: 2 | AX117: 3 | AY117: 3 | AZ117: 3 | BA117: 4 | BB117: 3 | BC117: 3 | BD117: 3 | BE117: 2 | BF117: 4 | BG117: 4 | BH117: 4 | BI117: 4 | BJ117: 3 | BK117: 3 | BL117: 4 | BM117: 4 | BN117: 4 | BO117: 4 | BP117: 3 | BQ117: 3 | BR117: 4 | BS117: 4 | BT117: 4 | BU117: 4 | BV117: 4 | BW117: 4 | BX117: 4 | BY117: 4 | BZ117: 4
A118: 46259.548 | B118: 동의합니다. | C118: 우노 | D118: 2018 | E118: Enfp | F118: jowoonho145@naver.com | G118: 5 | H118: 4 | I118: 2 | J118: 2 | K118: 3 | L118: 3 | M118: 3 | N118: 3 | O118: 3 | P118: 3 | Q118: 3 | R118: 3 | S118: 3 | T118: 3 | U118: 3 | V118: 3 | W118: 3 | X118: 3 | Y118: 3 | Z118: 3 | AA118: 3 | AB118: 3 | AC118: 3 | AD118: 3 | AE118: 4 | AF118: 4 | AG118: 3 | AH118: 3 | AI118: 4 | AJ118: 3 | AK118: 3 | AL118: 4 | AM118: 3 | AN118: 4 | AO118: 4 | AP118: 4 | AQ118: 4 | AR118: 4 | AS118: 4 | AT118: 4 | AU118: 3 | AV118: 3 | AW118: 4 | AX118: 4 | AY118: 4 | AZ118: 3 | BA118: 4 | BB118: 4 | BC118: 4 | BD118: 4 | BE118: 3 | BF118: 4 | BG118: 3 | BH118: 4 | BI118: 4 | BJ118: 4 | BK118: 4 | BL118: 4 | BM118: 4 | BN118: 4 | BO118: 4 | BP118: 4 | BQ118: 4 | BR118: 4 | BS118: 4 | BT118: 4 | BU118: 4 | BV118: 4 | BW118: 4 | BX118: 4 | BY118: 4 | BZ118: 4
...

Sheet 분석자료
A1: 유형 | B1: 적성분야
A2: 야전·실무형(R) | B2: 귀하의 진로적성검사 결과를 종합하면 야전·실무형(R) 성향이 두드러지며, 이는 장비 운용과 현장 중심의 임무 수행에서 강점을 보이는 전형적인 야전형 장교로 성장할 가능성을 의미합니다. 이러한 성향은 군 환경에서 전투장비 운용과 유지관리, 전술적 운용, 병력 통제 등 실제 전투력과 직결되는 분야에서 특히 중요한 역할을 하며, 전투장비를 운용하는 보병(기보)·포병·기갑·방공·육군항공과 같은 전투임무 위주 병과뿐 아니라 공병, 정보통신,화학 등 기술 기반 병과에서도 높은 적합성을 보입니다. 전투병과 특기 선택시는 작전, 군수, 획득분야가 가장 적합합니다. 또한 군수, 병기, 병참, 수송 분야에서도 장비 관리와 운용 능력을 효과적으로 발휘할 수 있습니다. 전문인력 분야로는 통신·공병 등 기술 전문 분야나 무기체계 획득 및 관리와 같은 획득 전문 영역, 장비 중심 연구개발 분야에서도 발전 가능성이 큽니다. 현실형 장교는 전투 및 훈련 상황에서 빠르고 정확한 판단과 실행력을 바탕으로 가시적인 성과를 창출하며, 부하들에게 신뢰를 주는 장점이 있습니다. 다만 단기적 실행에 집중하는 경향으로 인해 장기적 안목 형성과 체계적인 기획 능력, 세밀한 의사소통, 유연한 상황 대응 및 병사 개개인에 대한 심리적 관리 측면에서는 보완이 필요합니다. 따라서 리더형(E, 리더십)이나 행정관리형(C, 정확한 업무수행) 성향을 함께 강화한다면 더욱 높은 성과를 기대할 수 있습니다.
A3: 기술·분석형(I) | B3: 귀하의 검사 결과, 기술·분석형(I) 성향이 중심적으로 나타났습니다. 분석적 사고와 문제 해결 능력이 뛰어나며, 복잡한 시스템과 정보를 이해하고 활용하는 데 강점을 지닌 유형입니다. 군에서는 이러한 능력이 정보전, 기술전, 미래전 수행에 핵심적으로 활용됩니다. 귀하에게는 정보, 정보통신, 화학 병과 등이 특히 적합하며, 기술적 분석이 요구되는 공병 및 항공 분야에서도 역량을 발휘할 수 있습니다. 전문인력 분야에서는 사이버, 연구개발, 국방분석 등 특수전문 영역이 적합하며, 정책전문이나 국제전문 분야에서도 분석 기반 의사결정 능력을 활용할 수 있습니다. 향후에는 기술적 이해뿐 아니라 야전에서 실제 적용 능력을 함께 강화하는 것이 중요합니다. 야전·실무형(R, 현장감각)이나 행정관리형(C, 체계적 업무수행) 성향을 보완한다면 실무와 분석을 겸비한 핵심 인재로 성장할 수 있습니다. 그러나 현상 분석에 집중하는 경향으로 인해 의사결정이 지연되거나 실행력이 부족해질 수 있음을 유의해야 합니다. 위에서 추천드린 병과 역시 지휘관 직위를 필수로 이수해야 하므로 야전부대 현장 감각을 유지하고 의사소통 및 대인관계 형성과 같은 리더십을 함양에도 힘써야 합니다.
A4: 창의형(A) | B4: 귀하의 진로적성검사 결과, 창의형(A) 성향이 높게 나타났습니다. 창의적인 표현과 방법, 새로운 아이디어를 통해 조직에 활력을 불어넣는 역할을 합니다. 군 조직에서는 이러한 성향이 장병 사기진작, 홍보, 심리전, 문화 활동 등에서 중요한 의미를 갖습니다. 귀하에게는 전투병과 인사특기,정훈병과가 적합하며, 인사근무 및 사기진작 활동, 영상 제작 및 콘텐츠 기획을 통한 군 홍보활동 등의 분야에서 강점을 발휘할 수 있습니다. 또한 인사행정이나 군사경찰 기능 중 일부 분야에서도 창의적 역할을 수행할 수 있습니다. 전문인력 분야에서는 정책전문(국방정책 홍보) 또는 국방홍보원 등의 미디어 분야로의 확장이 가능합니다. 군 조직 특성상 기본적인 규율과 체계 적응이 중요하므로, 행정관리형(C, 규율중시, 정확성)이나 관계형(S, 협업관계) 역량을 함께 보완한다면 보다 안정적인 성과를 낼 수 있습니다. 위에서 추천드린 전투병과(인사특기), 군사경찰 병과 역시 지휘관 직위를 필수로 이수해야 하므로 야전부대 현장 감각을 유지하고 의사소통 및 대인관계 형성과 같은 리더십을 함양에도 힘써야 합니다.
